source,target
0,2225
0,1795
1,497
1,1792
1,2036
1,410
1,401
1,332
1,500
1,170
1,175
1,1021
1,1019
2,1178
2,329
2,542
2,332
2,1016
2,173
2,334
3,497
3,196
3,370
3,332
3,2303
3,1021
4,275
4,746
4,1187
4,2038
4,743
5,267
5,200
5,250
5,1709
6,254
6,944
6,138
6,528
6,140
6,1183
6,660
6,384
6,532
6,134
7,267
7,877
7,947
7,227
7,201
7,209
7,194
8,365
8,527
8,935
8,388
8,496
8,665
8,1873
8,1064
8,1028
9,1061
9,1194
9,2489
9,1153
9,654
9,2293
10,224
10,491
10,761
10,673
10,942
10,657
10,946
11,500
11,410
11,654
11,528
11,491
11,1072
11,274
11,220
11,175
11,273
11,541
11,89
11,942
11,232
11,214
11,935
11,231
11,522
11,36
12,337
12,547
12,1792
12,1000
12,738
12,541
12,364
12,540
12,736
13,368
13,384
13,332
13,175
13,220
13,509
13,277
13,139
13,1303
13,486
13,607
13,1292
14,968
14,189
14,536
15,1586
15,2566
15,215
15,1607
16,507
16,225
16,227
16,188
16,513
16,147
17,1781
17,656
17,2091
17,1023
17,2230
17,250
17,946
17,340
17,230
17,1422
17,2525
17,206
17,1161
17,384
18,229
18,1341
18,1701
18,410
18,819
18,1189
18,215
18,269
18,922
18,803
18,929
19,1164
19,1018
19,1183
19,562
19,941
19,926
19,180
20,410
20,331
20,522
20,384
20,541
21,1264
21,138
21,757
21,405
21,799
21,888
21,892
21,625
21,327
21,885
21,802
21,1021
21,514
21,134
22,1433
22,744
22,1178
22,405
22,486
22,1528
22,380
22,475
22,139
22,670
22,607
23,1063
23,1178
23,195
23,375
23,1165
23,542
23,501
23,1021
24,756
24,1156
24,885
24,204
24,476
24,759
24,1146
24,1026
24,1021
24,510
25,332
25,1014
25,497
25,941
25,669
25,77
25,877
25,1122
25,214
25,139
25,1671
25,653
25,1414
25,475
25,321
25,1493
25,405
26,1161
26,226
26,682
26,381
26,1192
26,250
26,188
26,1795
26,206
27,240
27,629
27,758
27,332
27,1272
27,328
27,1153
27,879
28,173
28,384
28,1862
28,442
28,968
29,163
29,834
29,2035
29,835
29,548
29,1070
29,948
29,189
29,1390
29,609
29,688
29,657
29,382
29,257
29,536
29,214
29,464
29,817
29,192
30,160
30,215
30,524
30,711
30,1286
30,586
30,1059
30,2381
30,1891
30,977
31,1863
31,605
31,749
31,329
31,332
31,193
31,324
31,486
31,475
31,338
31,607
32,1059
32,670
32,1197
32,524
32,2566
32,412
32,1061
32,657
32,1891
32,1151
32,1289
32,497
32,179
32,1121
32,935
33,619
33,821
33,331
33,196
33,933
33,332
33,329
33,672
33,175
33,2303
33,755
33,326
33,1021
33,765
33,1019
34,616
34,674
34,1023
34,263
34,2230
34,244
34,522
34,250
34,410
34,340
34,1177
34,819
35,658
35,1024
35,244
35,2293
35,340
35,531
35,678
36,616
36,277
36,819
36,410
36,263
36,37
36,220
36,203
36,175
37,410
37,175
37,220
37,89
37,1181
37,277
37,1147
37,522
37,203
37,36
37,541
37,765
38,509
38,277
38,368
38,381
38,410
38,251
38,226
38,331
38,618
38,522
38,220
38,175
39,208
39,250
39,381
39,1795
39,745
39,624
39,656
39,1161
39,206
40,753
40,892
40,1021
40,1694
40,937
40,1151
40,933
41,603
41,313
41,850
41,653
41,579
42,367
42,1341
42,883
42,1195
42,507
42,403
42,227
42,201
42,742
42,225
42,483
42,513
42,680
42,269
43,926
43,377
43,537
43,264
43,658
43,222
43,1695
43,245
43,888
44,1701
44,396
44,397
44,665
44,269
44,227
44,225
44,513
44,1177
45,368
45,367
45,227
45,654
45,883
45,277
45,146
45,225
45,513
45,468
45,657
46,1792
46,446
46,326
46,926
46,603
46,159
46,579
46,468
46,516
47,139
47,208
47,337
47,1021
47,206
48,1654
48,1850
48,586
48,457
48,603
48,850
49,179
49,245
49,262
49,1021
49,1064
49,222
50,281
50,317
50,846
51,801
51,667
51,384
51,673
52,1790
52,711
52,2264
53,846
53,265
53,1235
53,170
53,332
53,196
53,223
53,877
53,134
54,544
54,1063
54,939
54,375
54,936
54,803
54,523
54,924
55,195
55,654
55,939
56,254
56,237
56,384
56,1024
56,195
56,378
56,192
56,1068
56,544
56,2160
56,248
56,182
56,233
57,372
58,534
58,1465
59,811
59,193
59,385
59,552
59,657
59,384
59,383
60,552
60,657
60,384
60,811
60,385
60,193
61,160
61,240
61,326
61,822
61,332
61,269
61,162
61,1183
61,384
61,803
61,392
62,551
62,191
62,2566
62,2082
63,677
63,524
63,2566
63,242
63,412
63,1272
63,184
63,383
63,173
63,395
63,1064
63,1181
63,1311
63,942
64,184
64,380
64,225
64,394
64,928
64,812
64,1306
64,265
64,932
64,877
64,803
64,136
65,665
65,807
65,1059
65,1072
65,396
65,1177
65,382
65,1211
66,1167
67,1781
67,1167
67,943
67,660
67,946
67,2525
67,818
68,391
68,1781
68,1639
69,1061
69,71
69,86
70,1306
70,525
70,677
70,675
70,1272
70,384
70,933
70,1422
70,521
70,199
70,2125
70,395
70,464
70,272
70,2055
71,676
71,384
71,226
71,933
71,1422
71,413
71,2073
71,272
71,148
71,533
71,926
71,239
72,1790
72,671
72,533
72,413
72,199
72,272
72,1028
72,163
72,942
72,808
72,1183
72,939
72,240
73,537
74,245
74,933
75,248
75,239
75,266
75,378
75,273
76,256
77,2299
77,537
77,850
77,322
77,711
77,603
77,323
77,245
77,586
77,1183
77,2381
77,751
77,977
77,155
77,604
77,1178
77,144
77,160
77,138
77,281
77,654
77,405
77,170
77,139
77,503
77,1272
77,140
77,457
77,599
77,723
77,516
77,134
77,414
78,271
78,266
78,245
78,378
78,148
78,539
78,146
78,1409
78,398
78,158
78,804
79,184
79,1875
79,559
79,591
79,2160
79,138
79,697
79,654
79,939
79,133
79,1465
79,1409
79,2195
79,140
79,802
79,253
79,530
80,245
80,398
80,654
80,140
80,158
81,926
81,1478
81,148
82,239
82,249
82,238
82,390
82,233
83,1289
83,391
83,403
84,1539
84,385
84,815
84,2303
84,940
84,657
84,195
84,138
85,239
85,1876
85,1662
85,817
85,924
86,248
86,845
86,452
86,1311
87,195
87,252
87,1409
87,238
87,1183
87,372
87,523
87,233
88,659
88,1329
88,323
88,245
88,326
88,664
88,175
88,166
88,668
88,138
88,410
88,615
88,398
89,203
89,651
89,11
89,654
89,410
89,37
89,244
89,220
89,250
89,175
89,206
90,200
90,1063
90,237
90,384
90,937
90,383
90,134
90,547
90,1193
92,2264
92,1494
92,1054
92,666
92,222
92,1028
92,2348
92,937
92,817
92,651
92,1064
92,1059
93,808
93,499
93,525
93,807
93,935
93,496
93,1588
93,1059
93,549
93,2105
93,407
93,384
93,1064
93,651
93,200
94,206
94,245
94,656
94,250
95,267
95,200
95,1709
95,2227
95,1662
96,275
96,685
96,431
96,206
97,709
97,245
97,240
97,1790
97,2348
97,1306
98,155
98,302
98,108
98,695
98,491
98,651
98,390
98,1610
98,167
99,1104
99,1089
99,197
99,1467
99,1751
100,1248
100,2426
100,675
100,102
100,1411
100,384
100,1272
100,2453
100,875
101,2329
101,140
101,1825
101,690
102,1411
103,1100
103,302
103,1931
104,155
104,1893
104,1105
104,451
104,849
104,461
104,161
105,183
105,143
105,438
105,1557
105,299
105,417
105,430
105,1635
106,997
106,876
106,1514
106,1254
106,1996
106,1508
107,730
107,2241
107,1279
107,539
107,383
107,1125
108,155
108,302
109,718
109,1413
109,1547
109,828
109,713
109,462
109,974
109,171
110,713
110,462
110,171
111,1474
111,217
111,1752
111,956
111,1610
111,1499
112,285
112,956
112,2259
112,428
113,183
113,992
113,591
113,298
113,1909
113,1370
113,860
113,1372
113,1297
113,430
113,853
114,1609
114,1218
114,1919
115,1218
115,955
115,590
115,1919
115,1964
116,841
116,558
116,410
116,1117
116,832
116,1116
116,586
116,456
116,863
116,688
116,578
116,147
117,710
117,444
117,2129
117,157
117,142
117,957
118,2101
118,2232
118,988
118,1572
118,2579
118,2039
119,303
119,1238
119,1275
119,568
119,1270
119,984
120,297
120,1720
121,458
121,828
121,993
121,1132
121,297
121,288
121,1267
122,2484
122,2433
122,1547
125,144
125,932
125,883
125,1413
125,188
125,1132
125,881
125,225
125,227
125,368
125,483
125,145
126,187
126,709
126,483
126,603
126,1709
126,997
126,743
126,1232
127,156
127,1653
127,2219
127,2191
127,154
127,597
127,140
127,582
128,844
128,1389
128,1593
128,423
129,1100
129,1744
129,1132
129,1733
129,1483
129,288
129,995
129,282
129,2233
130,297
130,1267
130,694
130,1616
130,1839
130,828
131,156
131,1862
131,1114
131,846
131,997
131,582
131,737
131,1586
131,1944
132,722
132,956
132,1752
132,450
132,152
132,1474
133,1272
133,933
133,939
133,539
133,808
133,415
133,978
133,924
133,1790
134,2198
134,1183
134,941
134,2540
134,241
134,2423
134,1409
134,892
134,2164
134,1303
134,2125
134,1783
134,1777
134,2542
135,702
135,1202
135,1624
135,2120
136,524
136,939
136,1235
136,139
136,380
136,491
136,803
136,1790
136,256
136,942
137,1108
137,1098
137,732
137,1550
137,1201
137,319
137,1203
137,1270
137,1730
138,926
138,322
138,2198
138,245
138,327
138,1183
138,537
138,924
138,1662
138,941
138,240
138,654
138,799
138,2423
138,1409
138,892
138,476
138,802
138,808
138,1970
138,1303
138,262
138,2542
139,322
139,660
139,2381
139,332
139,475
139,751
139,598
139,241
139,749
139,2566
139,503
139,895
139,609
139,457
139,1178
139,1014
139,1303
139,653
139,486
139,1292
140,695
140,1264
140,1100
140,445
140,591
140,603
140,245
140,561
140,734
140,377
140,654
140,435
140,300
140,319
140,840
140,673
140,295
141,449
141,1425
142,733
142,843
142,960
142,957
143,438
143,961
143,1557
143,1807
143,584
143,1372
143,1538
143,564
143,299
143,417
143,430
143,1635
143,1250
143,741
144,2198
144,941
144,2542
144,1970
144,1183
144,628
144,1777
145,998
145,1132
145,1571
146,262
146,545
146,1007
146,1058
146,1147
146,528
146,245
146,1790
146,933
146,654
146,893
146,892
146,1007
146,660
146,748
146,541
146,765
146,398
146,663
146,822
147,559
147,694
147,2566
147,558
147,1108
147,832
147,542
147,1311
147,858
147,847
147,1015
147,395
147,2264
147,1270
147,583
147,2122
147,1643
148,537
148,1264
148,933
148,1183
148,261
148,941
148,240
148,1066
148,671
148,1494
148,1970
148,2542
149,423
150,488
150,1289
150,2249
150,939
150,2525
150,1176
150,2055
151,1653
151,1260
151,2219
151,595
151,582
152,1752
152,1079
152,1752
152,592
153,1781
153,1198
153,544
153,384
153,660
154,433
154,2219
154,586
154,582
154,957
155,1790
155,1248
155,728
155,302
155,1136
155,2264
155,964
155,692
155,695
156,1653
156,2191
156,1254
156,582
157,1260
157,444
157,433
157,1083
157,586
157,582
157,2219
157,957
158,545
158,245
158,393
158,924
158,1873
158,398
159,2525
159,467
159,605
159,888
159,890
159,384
159,516
160,308
160,603
160,586
160,457
160,1857
160,579
160,977
161,1376
161,694
161,451
161,849
161,454
161,993
161,284
161,1132
162,363
162,376
162,1195
162,403
162,1588
162,400
162,810
162,935
162,1662
162,1176
162,1668
162,924
163,1178
163,677
163,524
163,1528
163,2566
163,334
163,2108
163,2282
163,542
163,660
163,1162
163,1891
163,1414
163,1292
163,1433
163,670
163,817
163,1639
164,672
164,407
164,1053
164,1425
165,1933
165,558
165,456
165,1729
165,430
165,736
166,659
166,405
166,940
166,1178
166,2105
166,604
166,336
166,799
166,749
167,753
167,412
167,400
167,657
167,383
167,1784
168,1072
168,1183
168,1053
168,673
168,1425
168,1289
168,1272
168,411
168,1194
169,1269
169,1536
170,333
170,332
170,329
170,1178
170,1433
170,265
170,604
170,336
170,401
170,2026
170,486
170,670
171,713
171,1489
171,1082
172,1251
172,1226
172,1077
172,1472
173,1178
173,1000
173,677
173,744
173,939
173,2556
173,384
173,549
173,383
173,2381
173,395
173,533
173,1790
173,942
173,1311
173,817
173,2528
174,703
174,1862
174,1155
174,654
174,538
174,690
174,2525
174,531
175,616
175,368
175,410
175,500
175,331
176,261
176,268
176,1068
176,935
176,1696
176,936
176,1175
177,933
178,1068
178,240
178,261
178,933
178,1183
179,808
179,496
179,400
179,528
179,1151
179,1183
179,549
179,262
179,1064
179,1790
180,1341
180,294
180,1558
181,1750
181,2311
182,1068
182,1070
183,1227
183,1370
183,430
183,309
183,1643
184,263
184,819
184,2160
184,824
184,924
185,958
186,298
186,1896
186,695
186,296
186,457
186,1254
186,586
186,599
186,2381
186,2122
187,1890
187,877
187,1053
187,382
187,387
188,1062
188,1645
188,684
188,884
188,939
188,1632
188,2556
188,384
189,2565
189,1507
189,1080
189,1254
189,948
189,295
189,1495
190,1241
190,619
190,1863
190,334
190,703
190,688
190,727
190,591
190,738
190,457
190,414
191,2082
192,254
193,1061
193,657
193,811
193,385
193,1289
193,552
193,324
193,1586
194,1264
194,338
194,368
194,277
194,329
194,331
194,1028
194,1021
194,509
194,822
195,1063
195,237
195,375
196,497
196,2303
196,326
196,332
196,885
197,463
197,1893
197,570
197,1919
197,453
197,955
197,1416
197,581
198,409
198,335
199,933
199,266
199,539
199,272
199,808
199,1007
200,935
200,376
200,384
200,267
201,1178
201,1341
202,526
202,391
202,328
202,1135
203,263
203,415
203,539
203,403
203,891
203,244
203,220
203,250
203,1161
203,754
203,410
204,393
204,926
204,384
204,626
204,1496
204,1026
204,510
205,1195
205,614
205,1327
205,403
205,400
205,1072
205,339
205,1873
205,946
205,1668
206,656
206,245
206,624
207,370
207,885
207,759
208,675
208,1306
208,498
208,1144
208,1790
208,525
208,1066
208,1422
208,221
208,1588
208,384
208,521
208,2125
209,1057
209,1558
209,749
209,542
209,1016
209,841
209,2026
209,1135
209,437
210,1260
210,992
210,2518
210,997
210,306
210,2319
210,2219
210,734
210,433
211,1061
211,1194
211,1506
211,1197
211,245
211,1054
211,614
211,1064
212,239
213,758
213,1021
213,262
214,325
214,750
214,410
214,500
214,331
214,1014
214,1021
214,809
214,607
215,978
215,948
215,366
215,586
215,1896
215,1898
215,457
215,1607
216,654
216,799
216,245
216,384
216,1487
216,655
216,673
216,398
217,702
217,1423
217,1474
217,1555
217,1108
217,700
217,1610
217,454
217,1499
217,1139
217,1767
218,410
218,1289
218,867
218,1187
218,1059
218,258
218,1028
218,817
218,1792
219,1061
219,1306
219,496
219,1021
219,1064
219,613
220,819
220,410
220,263
220,250
220,754
220,547
220,277
220,616
220,203
220,1701
220,244
220,618
220,522
220,1873
221,208
221,245
221,924
222,411
222,496
222,245
222,395
222,1021
222,942
222,1178
222,2566
222,922
222,1588
222,1146
222,1064
222,398
223,497
223,1528
223,332
223,657
223,607
223,385
224,978
224,1306
224,1059
224,735
224,270
224,2213
224,868
224,1064
225,1306
225,883
225,483
225,922
225,610
225,1177
225,897
225,1790
226,363
226,277
226,381
226,1493
226,384
226,819
226,820
226,1424
226,924
227,2108
227,483
227,666
227,367
227,1341
227,883
227,396
227,364
227,269
227,382
227,743
227,803
227,513
228,407
228,807
228,288
228,1839
229,1096
229,1479
229,715
229,1424
230,491
230,1059
230,384
230,2525
230,927
230,1605
230,1140
230,1662
230,1563
230,946
231,2394
231,1197
231,385
231,552
231,657
231,1364
231,689
232,620
232,803
232,924
232,484
233,249
233,1409
233,238
233,259
233,378
234,407
234,1588
234,1059
234,1183
234,1175
234,1494
234,1064
235,389
235,545
235,1782
236,389
236,540
236,383
236,1784
237,1063
237,375
238,559
238,2160
238,820
238,378
239,552
239,657
240,533
240,941
240,802
240,671
240,550
240,935
240,1173
240,1970
240,930
241,2525
241,1066
241,2556
241,1075
241,404
241,1970
241,544
241,818
241,660
242,542
242,524
243,386
243,1061
243,935
243,1289
243,1197
243,1379
243,1059
243,810
243,927
243,1295
243,1060
243,529
243,1556
244,819
244,807
244,388
244,410
244,1072
244,922
244,1494
244,803
244,1668
245,1874
245,2228
245,801
245,709
245,550
245,1183
245,546
245,519
245,377
245,1023
245,655
245,390
245,660
245,1487
245,673
245,654
245,398
246,413
246,537
246,539
246,415
247,2566
247,391
247,890
247,526
247,383
247,766
248,1260
248,2467
248,1003
248,690
248,748
248,1163
248,266
248,937
248,1803
249,926
249,933
249,657
250,679
250,475
250,1071
250,1177
250,745
250,656
250,1181
250,1161
251,491
251,946
251,657
251,1874
251,1556
252,452
252,2493
252,657
252,383
253,654
253,530
254,1687
254,2160
254,544
254,1279
255,815
255,1174
255,652
255,934
256,799
256,930
256,395
256,941
256,948
256,669
256,1586
256,402
256,935
256,817
257,1177
257,1053
257,407
257,807
257,1070
257,1059
257,528
257,1425
258,804
258,378
258,1299
259,815
259,652
260,1198
260,2091
260,1059
260,528
260,676
261,372
261,1068
262,753
262,528
262,1151
262,1021
262,897
262,924
262,822
263,819
263,616
263,546
263,614
263,1792
263,1180
263,381
263,922
263,847
263,522
263,824
263,682
263,1873
263,1173
263,2282
263,547
263,410
263,531
263,392
263,678
264,1061
264,1306
264,519
264,935
264,654
264,655
264,1874
264,810
264,801
264,1197
264,245
264,1556
264,1151
265,738
265,1178
265,497
265,1790
265,2348
265,832
265,380
265,968
265,1891
265,1414
265,1292
265,670
266,544
266,378
266,248
266,413
266,398
266,415
267,539
267,923
267,2105
267,384
267,933
267,2227
268,616
268,545
268,535
268,2303
268,2120
268,1818
268,1175
268,1614
268,818
268,547
268,674
268,1782
269,548
269,513
269,743
269,2237
269,1341
269,1193
269,483
270,1094
270,238
270,559
270,2266
270,2036
271,1683
271,2091
271,654
271,924
271,1590
271,804
271,1662
271,926
272,266
272,675
272,413
272,930
272,533
273,2467
273,394
273,690
274,808
274,380
274,1291
274,1671
274,2379
274,748
274,541
274,690
274,394
274,536
275,685
275,1425
276,1184
276,948
276,699
277,674
277,1059
277,1792
277,1076
277,922
277,522
277,803
277,387
278,708
278,833
278,948
278,300
278,1495
279,567
279,1509
279,1399
279,1110
279,1511
279,441
279,704
279,1725
279,1511
280,417
281,587
281,621
281,457
281,850
281,446
281,603
281,579
281,586
281,2381
281,582
281,846
282,2233
282,1100
282,2318
283,1919
284,601
284,993
284,1200
285,440
285,416
285,453
285,702
285,570
285,581
286,1489
286,694
286,1729
286,2180
286,860
286,588
286,837
287,1966
287,1407
287,435
287,1077
288,458
288,828
288,993
288,431
288,1267
288,1132
289,461
289,1208
290,861
290,581
290,422
290,1094
290,843
290,2433
290,957
290,1396
290,733
290,575
290,710
290,960
291,698
291,1818
291,1489
291,654
291,702
291,1131
292,573
292,319
292,817
293,1224
293,2529
293,1407
293,1110
293,435
294,952
294,944
294,803
294,924
294,1135
295,429
295,698
295,1975
295,2572
295,948
295,2556
295,2489
295,2048
295,1495
296,997
296,596
296,1254
296,748
297,828
297,718
297,1413
297,454
298,559
298,730
298,1954
298,1200
298,1516
298,595
298,860
298,457
298,424
298,1125
298,449
298,982
298,736
298,1104
299,438
300,724
300,443
300,732
300,1264
300,278
300,833
300,708
302,1931
302,1472
302,717
303,1238
303,1275
303,984
304,957
304,603
304,960
304,572
304,1284
305,2565
305,1267
305,991
305,1616
306,1003
306,433
306,1254
307,700
307,1098
307,1285
307,1555
308,603
308,446
308,603
308,593
308,516
309,1096
309,443
309,1370
309,1201
309,1270
309,1533
309,1643
310,976
310,1000
310,1117
310,998
310,832
310,998
310,847
310,2264
310,727
310,853
311,1633
311,1733
311,1100
311,1252
311,1472
311,1744
311,1361
311,1483
313,1430
313,1311
313,1187
313,832
313,1857
313,1528
313,603
313,1273
313,1586
313,817
314,1250
314,1315
314,2319
315,1132
315,1264
315,1909
316,572
317,846
317,1138
317,1117
317,598
317,560
317,603
317,738
317,847
317,553
317,739
317,416
317,736
318,849
319,292
319,2005
319,1472
319,973
319,1270
319,695
320,1701
320,2293
321,605
321,500
321,738
321,620
321,612
321,742
321,623
321,767
321,604
321,744
321,490
321,757
321,758
321,749
321,424
321,443
321,449
321,607
321,627
321,510
322,808
322,892
322,476
322,1183
322,626
322,759
322,1026
322,514
323,889
323,1158
323,1295
323,476
323,370
323,1021
323,759
324,1185
324,1211
324,1632
324,1534
324,1586
325,742
325,1014
325,877
325,2026
325,750
326,2303
326,370
326,497
326,476
326,1021
327,802
327,941
327,627
327,888
327,488
328,743
328,391
328,1177
329,497
329,475
329,1021
329,338
330,753
330,1019
331,509
331,616
331,381
331,410
331,500
331,384
331,539
331,1021
331,1792
332,2566
332,497
332,1014
332,742
332,486
332,879
332,607
333,1528
333,1178
333,1292
333,401
333,1311
333,2026
333,1165
333,670
333,623
333,749
333,405
334,1178
334,524
334,604
334,1433
334,608
334,491
334,387
334,1292
334,670
335,1187
335,832
335,598
335,664
335,401
335,1891
335,1121
335,1790
335,1311
335,817
335,1585
335,1528
335,2566
335,2148
335,578
335,934
335,594
335,1579
336,606
336,380
336,501
336,1021
336,604
336,1178
336,750
337,1180
337,381
337,546
337,1873
337,1873
337,1021
337,924
337,531
337,392
338,605
338,329
339,941
339,1306
339,750
339,884
339,387
339,2348
339,2026
339,1014
340,1167
340,1023
340,471
340,2525
363,658
363,1424
363,924
363,803
363,1777
364,377
364,656
364,679
364,1792
364,524
364,614
364,1341
364,1181
364,1700
364,818
364,670
365,1306
365,1422
365,1792
366,1555
366,1108
366,973
366,983
366,1610
366,1286
366,383
366,1262
366,1104
367,1654
367,1194
367,509
367,954
367,942
367,947
367,1341
367,2293
367,825
367,1009
367,1013
367,880
368,509
368,500
368,822
369,1882
369,411
369,1197
369,1272
369,935
369,1071
369,758
369,496
369,1151
369,1291
369,808
369,1064
369,1061
369,892
369,1059
369,1021
370,802
370,889
370,1341
370,885
370,1068
370,1007
370,626
370,497
370,1021
370,476
370,759
372,2034
372,675
372,933
373,2566
373,1187
373,542
373,1891
373,1121
374,1586
374,1430
374,1057
374,922
374,1891
374,2208
374,2566
374,542
374,1187
374,1121
374,841
375,1063
376,1063
376,935
376,655
376,1054
376,600
377,660
377,818
377,530
378,2274
378,803
378,924
378,537
378,1681
378,654
379,1723
379,2580
379,547
379,523
379,931
379,817
380,1790
380,2348
380,832
380,738
380,2264
380,748
380,1414
380,1292
380,751
381,546
381,1147
381,1192
381,1554
381,924
382,1066
382,883
382,931
382,611
382,1007
382,610
382,743
383,524
383,1697
383,1059
383,657
383,2264
383,534
383,1064
383,942
384,1781
384,1792
384,525
384,675
384,1306
384,1066
384,1173
384,819
384,1422
384,924
385,811
385,552
385,657
385,1197
386,529
386,1289
386,935
387,1198
387,1059
387,677
387,2266
387,935
387,2566
387,749
387,1695
387,2026
387,553
387,1891
387,817
387,818
387,670
388,1494
388,807
388,935
388,922
388,1059
389,842
389,1425
390,722
390,1621
390,1610
390,1723
390,1423
390,1123
390,1183
390,698
390,1750
390,698
390,2432
390,2160
390,1854
390,956
390,940
391,551
391,1432
392,531
392,1873
392,1022
392,1701
392,1180
392,936
392,546
393,926
393,1478
394,2208
394,545
394,932
394,544
394,1891
394,818
394,1076
394,941
394,1306
395,1178
395,1183
395,1586
395,1057
395,549
395,1121
395,942
395,2520
395,817
396,665
396,807
396,1177
396,2228
396,1059
397,2109
397,2210
397,842
397,2034
397,1262
398,545
398,675
399,1880
399,664
399,1017
399,809
399,2148
399,594
399,578
399,1662
400,669
400,800
400,1327
400,935
400,1784
400,1425
400,1590
400,1668
400,1195
400,1500
400,946
400,1064
401,2148
401,664
401,934
401,1585
401,594
401,578
401,1579
402,407
402,807
402,1059
402,1177
402,1425
402,1494
403,658
403,841
403,2566
403,536
403,1187
403,1059
403,699
403,1887
403,1668
403,1430
404,939
404,1075
404,1645
404,1781
404,2556
404,544
404,1198
404,1178
404,551
404,660
404,1167
405,1167
405,606
405,1165
405,542
405,539
405,1311
405,1062
405,941
405,1178
405,2566
405,1500
405,2556
405,1057
405,1409
405,749
405,1528
405,608
405,922
405,2026
405,1777
405,1292
405,670
405,2104
406,948
406,1632
406,660
406,673
407,807
407,1059
407,922
407,1053
407,1177
407,1556
408,1874
408,942
408,1668
409,1178
409,2348
409,606
409,749
409,1311
409,817
410,616
410,753
410,1060
410,674
410,819
410,522
410,891
410,1173
410,754
410,1181
411,1289
411,1539
411,1556
411,1639
411,673
411,1071
411,807
411,1053
411,1781
411,1064
411,942
411,1059
412,1176
412,524
412,1053
412,935
412,1500
412,1059
412,673
412,553
412,1064
413,525
413,539
413,1060
413,922
413,815
413,1303
413,1662
413,2525
413,533
414,1432
414,1272
414,2525
414,1896
414,1802
414,1679
415,539
415,933
415,537
415,654
416,828
416,860
416,993
416,727
416,1132
417,827
417,1676
417,724
417,438
417,1557
417,1635
418,2323
418,849
418,2399
419,833
419,724
419,830
419,708
419,1270
419,689
420,1389
421,2590
421,2158
422,1517
422,591
422,1426
422,2371
422,1229
422,1199
422,1094
422,1273
422,1083
422,1266
422,1520
422,1999
422,1396
422,2048
422,1221
422,1928
422,1814
422,2324
423,844
423,715
423,1094
423,1389
423,1593
423,1765
424,559
424,1096
424,1114
424,558
424,1108
424,1489
424,973
424,694
424,2180
424,847
424,1201
424,1643
424,1104
425,598
425,693
425,991
425,563
425,615
426,1079
426,592
426,1752
427,964
428,1631
428,729
429,698
429,1975
429,2572
429,2556
429,948
429,2489
429,1928
429,1495
429,2048
429,1495
430,961
430,1635
430,1472
431,1413
431,1514
431,993
431,1132
431,2122
432,834
432,565
432,2045
432,699
432,1919
433,1260
433,2371
433,1701
433,1513
433,2169
433,1232
433,2516
433,2297
433,2219
433,680
434,852
434,846
435,1224
435,1407
435,1110
436,595
436,1996
436,1818
437,825
437,1341
437,1558
437,954
437,1135
438,417
438,1676
438,1557
438,1635
438,971
438,1472
438,719
439,1633
439,2097
439,995
439,1996
439,1103
439,1483
440,2371
440,710
440,581
440,570
440,973
440,843
440,702
440,1246
440,575
440,1232
441,1234
441,1122
441,981
441,1509
441,1727
441,1110
441,1273
441,1724
441,1931
442,764
442,1136
442,1059
442,968
442,673
443,712
443,973
443,860
443,857
443,599
443,724
443,1270
443,1262
443,1089
443,730
443,732
443,1489
443,1201
445,573
445,626
445,1103
446,603
446,978
446,1654
446,599
446,1306
446,1200
446,735
446,1196
446,586
446,603
447,852
447,1569
448,831
448,1373
448,971
448,1711
448,1245
448,2054
448,2319
449,559
449,962
449,976
449,1108
449,1558
449,1125
449,1270
450,722
450,601
450,2179
450,1474
450,570
450,1752
450,700
451,849
451,694
451,991
452,963
452,1128
453,575
453,702
453,570
453,1089
453,698
453,1262
454,1619
454,958
454,991
454,1547
454,718
454,828
454,598
454,1267
454,1132
455,1267
455,598
455,454
455,615
455,1954
456,834
456,2329
456,1141
456,1896
456,1117
456,1558
456,832
456,586
456,1513
456,2255
456,847
456,1744
456,739
457,978
457,834
457,603
457,586
457,2348
457,523
457,2381
457,1896
457,414
457,1802
458,1242
458,1428
458,849
458,1575
458,1139
459,2518
459,707
459,1599
460,1267
460,1547
460,1428
460,1839
460,991
460,560
460,1199
460,1609
460,2324
461,559
461,1119
461,558
461,1108
461,987
461,858
461,583
462,601
462,1082
462,713
463,1627
463,1242
463,962
463,1255
463,861
463,577
463,1220
463,1273
463,597
463,1814
463,590
463,1441
463,1964
463,985
463,733
463,843
463,1138
463,1575
463,955
463,575
463,1139
464,564
464,1998
464,835
464,1489
464,983
464,2180
464,732
464,860
464,1514
464,1467
464,1818
464,1286
464,2122
464,1104
467,889
467,758
467,808
467,1158
467,1024
467,663
467,888
467,654
467,1264
467,879
467,799
467,941
467,887
467,892
467,767
468,2392
468,605
468,766
468,890
468,1873
468,1021
468,748
469,695
469,762
471,1781
471,821
471,676
471,1021
471,1422
471,616
471,1875
475,819
475,1686
475,1679
476,889
476,2423
476,885
476,654
476,1021
483,743
483,666
484,1054
484,605
484,620
484,1145
484,607
484,935
486,604
486,1500
486,670
486,817
488,629
488,820
488,802
490,941
490,675
490,738
490,605
490,2348
490,2026
490,1790
491,800
491,662
491,761
491,946
496,1054
496,537
496,935
496,1064
496,613
496,1790
496,1021
498,1306
498,709
498,675
498,1066
498,529
498,1422
498,1970
498,1662
499,525
499,675
499,1066
499,935
499,1064
499,1151
499,1790
500,616
500,752
500,542
500,615
500,664
500,1792
501,1178
501,606
501,1165
501,749
501,542
501,670
503,1235
503,895
503,609
503,748
503,1433
503,751
507,680
507,760
507,1197
507,1289
507,620
509,611
509,1009
509,522
509,1194
509,618
510,926
510,757
510,933
510,625
510,885
510,617
510,1026
510,892
510,1064
510,623
513,1341
513,883
513,812
513,931
513,932
513,1076
513,743
513,929
513,666
513,540
514,1303
514,1021
514,533
514,759
514,539
514,802
514,1295
514,941
514,537
514,1158
514,820
514,799
514,922
514,888
514,937
514,939
516,808
516,939
516,2379
516,758
516,603
516,586
516,550
516,682
516,579
516,1140
516,1790
519,1054
519,935
519,1151
519,1197
519,1064
521,1422
521,2213
521,2055
521,654
522,753
522,926
522,819
522,822
522,1192
522,1554
522,891
522,754
524,2160
524,2566
524,1059
524,927
524,946
524,673
524,1790
525,675
525,1066
525,1306
525,933
525,660
525,2426
525,684
525,653
525,924
525,1422
525,1790
526,656
526,679
526,821
527,2237
528,1054
528,753
528,1792
528,664
528,807
528,821
528,663
528,674
528,1197
528,1058
528,1059
528,2038
528,672
528,2303
528,1069
529,1632
529,1182
530,933
531,819
531,936
531,922
531,1873
531,803
531,1193
532,675
532,673
533,941
533,1063
533,926
533,759
533,799
533,1144
533,933
533,885
533,892
533,922
533,1183
533,1970
533,939
533,1790
533,1680
533,1777
533,808
534,803
535,926
535,941
535,674
535,753
535,1478
536,834
536,1697
536,863
536,677
536,1671
536,699
536,1891
536,690
536,1121
536,1292
536,2348
536,817
536,692
537,682
537,815
537,1680
537,652
537,941
537,678
537,799
537,820
537,802
537,892
538,1066
538,936
538,937
538,673
539,933
539,924
539,808
539,1007
540,1405
540,818
541,1147
541,674
541,748
541,826
541,765
541,1639
542,1178
542,1057
542,2566
542,1165
542,749
542,1183
542,2026
542,2105
543,816
543,810
543,1182
543,1550
543,2525
543,1584
543,1662
543,2091
544,1781
544,1167
544,1432
544,1193
544,936
544,1695
544,1679
544,820
544,1875
544,1590
545,929
545,818
545,924
545,1076
545,1782
545,937
545,660
546,762
547,674
547,1173
547,937
548,1185
548,1187
548,699
548,2293
548,2525
548,1173
548,1430
548,1792
549,669
549,1178
549,1000
549,677
549,744
549,1171
549,1070
549,1381
549,942
549,1539
549,817
550,819
550,926
550,1701
550,1588
550,1873
550,1161
551,1432
551,1678
551,2082
551,1678
552,811
552,935
552,1197
552,810
552,657
552,1060
552,1053
552,806
552,1064
552,2385
552,817
553,2566
553,2556
553,1311
553,2105
553,1586
553,2525
553,1891
553,1430
554,934
555,1306
555,668
555,822
555,675
555,933
555,1790
556,838
556,1354
556,1098
556,1118
556,1494
556,1089
557,1087
557,980
557,1657
557,696
558,834
558,985
558,976
558,1108
558,1083
558,1221
558,1255
558,847
558,1814
558,1270
558,975
558,1643
559,976
559,1264
559,1108
559,2198
559,1201
559,1785
559,941
559,1114
559,1409
559,922
559,847
559,802
559,2125
559,1270
559,1777
559,2542
559,1643
560,1217
560,1720
560,1547
560,2134
561,722
561,1610
561,1555
561,1098
561,849
563,2122
564,2004
564,2100
564,1399
564,2272
564,1673
564,707
564,1080
564,876
564,1807
564,1252
564,858
564,1472
564,741
564,2273
565,1119
565,834
565,1919
565,1218
565,699
566,1626
566,1489
566,1413
566,1729
567,1511
567,862
567,2446
567,1511
567,1472
567,1002
567,704
567,990
567,1361
568,1098
568,1555
568,1286
569,732
569,1254
569,1489
569,997
570,1098
570,702
571,2319
571,1380
571,1245
571,741
571,1472
572,861
572,843
572,1200
572,710
573,1222
573,941
573,1288
574,1711
574,2319
574,2054
574,1373
575,2550
575,733
575,965
575,1232
575,1928
575,843
575,702
575,1719
575,1231
575,1233
575,866
575,1441
575,1547
576,2329
576,1633
576,1733
576,995
576,2255
576,1744
576,2257
576,1483
577,733
577,962
577,2433
577,843
577,1719
577,960
577,2397
577,727
577,710
577,1107
577,957
577,861
577,1261
578,702
578,2368
578,975
578,2507
578,2025
578,2433
578,832
578,733
578,1940
578,2143
578,1964
578,2522
578,1814
578,1813
579,711
579,1654
579,2293
579,1586
580,846
580,859
580,851
580,1111
580,2242
580,873
581,1089
581,1489
581,843
581,2433
581,733
581,2397
581,1719
581,1818
581,861
581,710
582,690
582,1671
583,1119
583,858
583,1326
583,2162
583,1728
583,2518
583,2122
584,1807
584,1818
584,2579
584,707
585,696
585,1657
585,1087
585,980
585,1808
586,2437
586,1896
586,1558
586,1116
586,1513
586,2026
586,739
586,1028
586,2381
586,670
586,977
586,1161
587,677
587,1507
587,2566
587,1630
587,866
587,875
588,730
588,694
588,852
588,1507
588,983
588,1729
588,732
588,860
588,1467
588,1954
588,1104
589,1832
590,962
590,1218
590,955
590,710
590,960
590,1416
590,843
590,733
590,1221
590,1919
590,2433
590,861
590,957
591,1928
591,1094
591,2048
591,1129
591,2484
591,729
591,1130
591,727
591,575
591,2371
591,1489
591,2324
591,2137
591,1663
591,1547
591,1281
591,1396
591,1082
592,1259
592,1079
592,1389
592,1113
593,1913
594,1585
594,2148
594,809
594,699
594,1414
594,934
594,817
594,1579
595,1233
595,1516
595,732
595,997
595,1254
595,1503
596,1931
596,2512
596,734
596,1099
596,2319
596,1380
596,707
597,1255
597,985
597,2338
597,1627
597,1083
597,1814
597,1999
597,1221
597,1201
597,697
598,1413
598,993
598,1132
598,958
598,991
598,1267
599,1108
599,1201
599,1270
600,983
600,2180
600,1660
601,700
601,1273
601,666
601,876
602,1549
602,1504
603,1654
603,1306
603,1896
603,1196
603,738
603,2379
603,850
603,924
603,1993
604,1469
604,2348
604,1066
604,1528
604,670
604,1433
605,941
605,1185
605,749
605,2026
605,738
605,1790
605,942
605,896
605,2348
605,817
606,1167
606,1178
606,2082
606,1165
606,749
606,867
607,750
607,1528
607,1414
607,670
609,834
609,895
609,748
609,1015
609,1064
609,817
610,666
611,1873
611,947
612,879
612,877
612,742
612,1005
612,752
612,938
613,808
613,1054
613,1148
613,1306
613,1066
613,1644
613,2348
613,1970
613,935
613,939
613,1021
613,1176
613,1422
614,1701
614,2083
614,1696
614,1873
614,1506
615,767
615,991
615,2566
615,2303
615,750
615,693
616,753
616,1020
616,821
616,674
616,819
616,672
616,1588
616,1887
616,1021
616,1173
616,1795
617,668
617,1021
617,756
617,889
617,933
617,893
618,754
618,753
618,759
618,891
619,1019
620,1054
620,943
620,759
620,1021
620,1145
623,2542
623,1183
623,926
623,892
623,933
623,663
624,1161
624,1153
625,808
625,885
625,930
625,758
625,892
625,757
625,933
626,1156
626,1021
626,1157
626,933
626,885
626,930
627,808
627,1007
627,892
627,887
627,1024
628,941
628,802
651,1054
651,1425
651,1364
651,1064
651,1059
652,815
653,1914
653,1057
653,2079
653,1122
653,1306
653,1632
653,925
653,1066
653,1121
653,1422
653,1777
653,884
654,1023
654,1183
654,801
654,1061
654,1993
654,941
654,799
654,2423
654,1409
654,1182
654,1970
654,1303
654,803
654,2125
654,1177
654,2542
655,1059
656,1071
656,1161
657,1054
657,1177
657,806
657,811
657,1197
657,942
657,817
658,926
658,821
658,1190
658,1424
658,1173
659,1329
659,1628
659,940
659,1414
659,1678
659,2303
659,1678
659,1687
660,941
660,1500
660,2556
660,803
660,924
660,1580
661,1143
661,1694
661,1482
661,933
661,2264
661,939
661,2208
661,1021
661,897
661,817
662,1062
662,922
662,1379
664,1891
664,809
665,807
665,1059
665,1057
665,1177
666,1790
666,2264
666,2348
666,817
666,1422
668,933
668,1970
668,821
668,1066
668,893
668,822
668,1026
668,2348
669,1182
669,2208
670,1178
670,1528
670,2026
670,1062
670,1414
670,1292
670,1433
670,809
670,1311
671,1306
671,1970
671,1157
671,1026
671,1196
671,1156
671,930
672,821
672,1264
672,933
673,1194
673,1059
674,1173
674,933
675,1889
675,1306
675,1066
675,933
675,1970
675,1026
675,819
675,1422
675,1790
675,1011
676,2525
676,1058
676,2303
677,834
677,1185
677,2139
677,2566
677,1171
677,2082
677,1057
677,2108
677,2196
677,1187
677,1528
677,2148
677,2026
677,1494
677,1586
677,1891
677,1487
677,1121
677,1430
677,1311
677,817
678,1024
678,1185
678,2525
678,2477
678,1058
678,2105
678,802
678,1021
679,2293
679,815
679,807
679,1071
679,1700
679,1700
679,1059
680,1341
680,2282
680,1193
680,1074
680,947
680,922
680,1873
680,1076
681,1681
681,820
681,1537
681,1422
682,1173
682,1023
683,885
683,930
683,803
683,805
684,1306
684,1411
684,1632
684,1028
684,934
684,1970
684,2125
685,1187
685,1588
685,1334
687,1781
687,821
687,807
687,802
687,1364
687,806
687,2525
688,992
688,703
688,1277
688,1467
688,1222
688,1212
688,1230
688,1517
688,1288
689,2160
689,2237
689,830
690,997
690,2191
690,1803
690,1671
690,1409
690,1003
691,852
691,1569
691,860
691,1732
691,1472
691,993
692,1910
692,1104
693,1619
693,991
693,1413
693,1616
693,2122
694,1998
694,833
694,1954
694,1489
694,1413
694,983
694,860
694,1732
694,1467
694,2122
694,1104
695,1423
695,2590
695,1507
695,1137
695,2264
695,2158
695,1136
695,881
696,1721
696,1657
696,1808
696,1906
696,980
696,1087
697,2312
697,2389
698,2187
698,1255
698,1367
698,1230
699,1119
699,834
699,841
699,1185
699,677
699,1057
699,2566
699,1187
699,858
699,1586
699,1891
699,1121
699,1430
700,1101
700,1610
700,1752
700,2480
700,1474
701,827
701,1816
701,1557
702,1818
702,1004
702,1123
702,1819
702,1222
702,1082
702,1278
702,1137
702,1231
702,961
702,2187
702,1350
703,1862
703,2507
703,2148
703,1288
703,688
703,2348
703,1212
704,1511
704,1656
704,1511
704,1200
704,1483
704,1127
704,1003
704,2062
704,1002
704,1440
704,1111
705,838
705,1063
705,1118
705,2034
705,842
706,2332
706,1827
706,2437
706,1238
706,984
706,2326
706,2391
707,1807
707,1399
707,1276
707,856
707,1472
707,876
708,2160
708,833
708,1131
709,803
709,968
709,799
710,2433
710,1719
710,843
710,2397
710,861
711,2139
711,850
711,1701
711,1121
712,841
712,2566
712,922
712,1171
712,2196
712,1291
713,1419
713,1082
714,1001
714,996
714,1472
714,1672
714,1093
714,1283
714,1818
714,1320
714,974
714,1106
714,1342
714,1082
714,1231
714,1419
715,844
716,1540
716,2003
716,2093
716,2041
716,1551
717,1350
718,1413
718,991
718,2122
719,1472
719,1989
720,1721
720,1657
720,1906
720,696
720,980
721,1489
721,1659
721,1643
722,1474
722,2423
722,973
722,1423
722,1472
722,1750
722,964
722,1610
722,1536
723,852
723,1260
723,997
723,1222
723,1212
723,2219
723,1917
723,1288
723,1764
724,1998
724,1818
724,833
724,1489
724,983
724,1370
724,860
724,1131
724,857
724,1104
725,1919
725,985
725,1218
725,1964
725,1367
725,955
725,862
726,2237
726,1975
726,948
726,1803
726,2084
726,2573
727,855
727,2402
727,994
727,853
727,2101
727,863
727,1919
728,865
728,1527
728,871
728,1935
728,1004
729,1261
729,1089
729,1517
729,1396
729,2048
729,1004
729,1663
729,2324
729,1216
729,1674
729,2324
729,1649
729,1107
729,2001
730,834
730,1998
730,1489
730,1505
730,1254
730,860
730,1732
730,1467
730,1231
730,1104
731,1636
731,1805
731,1826
731,2116
731,2107
732,1489
732,1954
732,860
732,1732
732,1372
732,1467
732,1082
732,2122
732,1104
733,962
733,2433
733,2397
733,1719
733,861
733,1812
733,843
734,1105
734,2319
735,978
735,1200
735,933
736,832
736,1571
736,2092
737,846
737,981
737,1509
737,1862
737,2566
737,1272
737,1121
738,976
738,846
738,1016
738,1015
739,841
739,1889
739,1411
739,1513
739,998
739,2105
739,847
739,1161
740,1101
740,1286
740,1094
740,1277
740,1510
740,1214
740,1818
741,2330
741,1472
741,1507
741,2004
741,1110
741,1807
741,1105
741,1703
741,1357
741,2041
742,883
742,1014
743,1341
743,2566
743,947
743,928
744,1000
744,1187
744,1142
744,1430
744,2264
744,1586
744,1891
744,1121
745,1161
746,2105
747,1952
748,895
748,1015
749,1178
749,2026
749,1562
749,2348
749,1165
750,1562
751,877
751,1015
751,890
751,1014
751,2566
751,879
751,895
753,2303
753,937
753,822
753,821
753,1021
753,1064
754,1792
754,1192
755,821
755,933
755,886
755,1019
755,1021
756,1158
757,889
757,1021
757,1026
757,1148
757,892
758,1183
758,889
758,1007
758,808
758,1021
758,892
758,1291
758,1017
758,941
758,1016
759,889
759,887
759,1158
759,1021
759,885
760,1021
760,1364
760,1425
760,935
761,1072
761,807
761,1539
761,1059
762,1225
762,1209
762,1021
763,2381
764,1209
764,1430
764,1398
764,1057
764,1121
764,1187
766,1792
766,2083
766,926
766,1701
766,937
766,933
766,890
766,1506
767,1790
767,1024
767,1021
799,1680
799,1496
799,1195
799,1331
799,1070
799,1295
799,941
799,1053
799,1192
799,1329
799,1197
799,1151
799,2348
799,937
799,1170
799,1970
799,936
800,1781
800,1691
800,1180
800,1632
800,2210
800,2034
800,1170
800,1425
800,1639
801,1195
801,1060
801,1064
802,941
802,933
802,1021
802,1777
803,1876
803,924
804,926
804,1299
804,1478
804,1173
804,930
805,1183
805,1432
805,1062
805,1777
805,1528
805,2542
805,933
806,1585
806,1054
806,1060
806,1197
806,1364
806,1065
806,1662
806,1425
806,1876
807,922
807,934
807,1364
807,1494
807,1177
807,1425
807,1187
807,1059
808,1790
808,2379
808,1896
808,1291
808,2239
808,939
808,1007
809,1891
809,2525
809,1017
809,2148
810,935
810,1061
810,1151
810,1053
810,2125
810,1059
810,1539
811,1875
811,2566
811,1696
811,1534
811,1021
811,1185
811,2525
812,1778
812,932
813,1211
813,1072
813,1539
814,1056
814,1056
814,1286
815,1289
815,933
816,1585
816,1167
816,1197
816,1425
816,934
817,941
817,1028
817,933
817,2556
817,1142
817,1183
817,2348
817,2026
817,2264
817,1534
817,1790
817,1292
817,1422
817,924
817,1311
818,1695
818,1679
818,943
818,946
819,1063
819,1173
819,933
819,1792
820,1432
820,1590
820,1422
820,1679
821,1588
821,1021
821,933
821,1662
822,931
822,937
822,933
822,2385
822,1173
822,2226
823,944
823,933
823,1025
825,1558
825,947
826,978
826,2223
826,1194
826,1681
826,2566
826,944
826,1155
826,2013
826,1694
826,1790
826,924
826,1028
826,1781
826,933
826,1059
827,1137
827,1533
828,1267
828,2018
828,1413
828,958
828,2028
828,1804
828,1826
828,1132
829,972
829,1090
829,1244
831,2319
831,971
831,1711
831,2373
831,1283
831,1245
831,1373
832,1482
832,1586
832,2264
832,1881
832,2196
832,1441
832,1993
833,2396
833,2160
833,952
833,1125
833,1723
834,1119
834,858
835,1089
835,2184
835,1472
835,1673
835,1647
835,961
835,1462
835,1818
835,1350
835,1286
835,2147
836,1119
836,1827
836,2342
836,1326
836,1535
836,1105
836,1587
836,994
837,1123
837,1818
837,961
837,1474
839,947
839,954
839,1555
840,1229
841,1891
841,1121
841,1187
841,1430
841,2348
841,1862
842,2109
842,1350
842,2170
842,1555
842,2210
842,2034
842,1262
843,2397
843,1719
843,1326
843,2433
843,2451
845,1510
845,1094
845,956
845,2048
846,1187
846,2348
846,1273
846,1121
847,2255
847,1513
847,976
847,1108
847,1744
847,2329
847,1933
847,1350
848,1361
848,2522
848,1396
848,1674
848,2371
848,1094
848,1129
848,2530
848,2187
849,1116
849,1732
849,1428
849,976
849,1242
849,1117
849,1413
849,1572
849,998
849,1220
849,2122
849,1280
850,1306
850,1993
850,1235
850,1196
850,1526
850,1273
851,1248
851,2372
851,1210
851,2481
851,1361
852,1569
852,1732
852,2122
852,1729
853,1426
853,992
853,1919
853,2484
853,2324
853,2324
853,2575
853,960
854,1818
854,1673
855,1587
855,994
855,2101
855,970
855,953
855,1105
855,2075
856,1827
856,1248
856,1154
856,1599
856,1513
856,998
856,2391
856,1276
857,978
857,941
857,1101
857,1896
857,922
857,973
857,1818
857,1537
857,961
857,1280
857,1272
857,983
857,1201
857,1286
857,970
857,1270
858,1119
858,834
858,1732
858,1728
858,2122
858,1729
859,1516
859,1472
859,1415
860,1489
860,1954
860,1818
860,1732
860,1372
860,1467
860,2257
860,1503
860,1208
861,2266
861,2368
861,2433
861,1719
861,2399
862,1642
862,1527
863,976
863,1116
863,968
863,1117
863,1002
864,1828
865,1732
865,1467
865,1489
866,1928
866,1285
866,2483
867,1311
867,2082
867,2026
868,978
868,933
868,1201
868,1270
868,1272
868,1200
869,1666
870,1127
870,1250
870,1003
871,1278
871,2061
871,1137
871,1004
872,956
872,1610
873,1511
873,1111
873,2242
873,1127
873,2437
873,1656
873,1003
873,1558
873,1250
873,1315
873,1002
874,957
874,960
875,1513
875,990
875,1126
875,1411
875,998
875,1732
875,1248
876,2375
876,1807
876,1099
876,1703
876,1489
876,2319
876,1509
877,947
879,1154
879,1014
879,1013
879,1018
879,1015
879,1164
879,1153
879,1007
879,977
879,2566
879,2556
880,1012
880,1013
880,1008
880,1158
880,1006
880,1011
880,1009
880,1150
880,1127
880,1341
881,1684
881,1006
881,1994
881,2264
881,1008
882,1140
882,1700
882,1341
882,1668
884,1154
884,1013
885,1026
885,939
885,930
886,2385
886,2303
886,1019
887,1024
888,1264
888,1164
888,932
888,1021
888,1020
888,1024
888,2303
889,1143
889,1021
891,1173
891,1873
892,1291
892,2198
892,933
892,1272
892,1007
892,1183
892,1970
892,1303
892,1146
892,1777
892,2542
892,1580
893,933
893,1058
893,1011
893,1192
893,2396
893,1021
893,1006
894,1014
895,1178
895,1303
895,2282
895,2264
895,1292
895,1433
896,1701
896,1873
897,1066
897,1144
897,1482
897,1790
897,2348
897,1970
897,939
897,1021
922,1525
922,1777
922,1057
922,1211
922,1494
922,1891
922,1781
922,2035
922,2083
922,1632
922,1484
922,2125
922,2293
922,1311
922,1121
923,1662
923,1644
923,2091
923,1140
924,1876
924,1681
924,1662
925,1331
925,1198
925,1176
925,1632
925,1379
925,1875
925,1075
925,1662
925,1170
926,1197
926,1299
926,1478
926,1409
926,2542
927,1176
927,1662
927,1590
927,1781
927,2525
927,1432
927,1181
929,1173
929,1067
930,1781
930,1068
931,2303
931,1306
932,1306
932,2566
932,1189
933,1173
933,2493
933,1490
934,1425
935,1061
935,1151
935,1197
935,1379
935,1072
935,1176
935,1064
935,1059
935,1422
935,1539
936,1183
936,1279
936,1409
936,2542
937,1879
938,2385
938,2038
938,1694
938,1701
938,1795
939,1790
940,1414
940,1329
940,1628
940,2303
941,2348
941,1183
941,2198
941,2507
941,1197
941,1781
941,1875
941,1790
942,1555
942,2566
942,1064
942,2525
942,1494
942,1681
942,1059
943,1155
943,1632
943,1405
943,2525
944,1790
944,2348
944,2223
945,1479
946,1875
946,1167
946,1075
946,2525
947,1341
947,1173
948,1184
948,1495
948,1928
948,1188
949,1538
949,1472
949,1673
950,1906
951,1489
951,1818
951,1647
951,575
951,1286
951,2259
952,1096
952,1201
952,1125
952,1507
952,1189
952,1080
953,1829
953,1258
953,2075
954,1536
954,1135
954,1558
954,1555
954,1269
954,1239
955,1919
955,1218
955,1964
956,1514
956,1610
956,1108
956,1423
957,1441
958,1413
958,1804
958,2018
958,2028
958,1267
958,1826
960,1919
960,1416
961,1489
961,1089
961,1818
961,2120
961,1557
961,1123
961,1372
961,2512
961,1097
962,1428
962,1124
962,1138
962,2575
962,1218
962,1919
963,1239
963,1131
963,1718
963,1486
963,1128
964,1472
964,1996
964,1514
964,1415
965,1819
965,1101
965,1555
965,1108
965,1558
965,1409
965,1647
965,1098
965,1732
965,1350
965,1818
965,1286
965,1262
966,1234
966,1122
966,1509
966,1077
966,1472
966,2004
966,2041
967,1090
967,1244
968,1862
969,1549
969,1527
970,1267
970,1254
971,1373
971,1711
971,1472
971,1283
972,1090
972,1244
973,1201
973,1108
973,1270
974,2404
974,1653
974,1247
974,1672
974,1370
974,1082
975,1376
975,1898
975,1231
975,1481
976,1890
976,1481
976,1117
976,1928
976,1131
976,1571
978,1264
978,1291
978,1440
978,1272
978,1200
979,1677
979,1100
979,1257
979,1115
979,1745
980,1721
980,1087
980,1809
980,1657
980,1808
980,1906
981,1122
981,1509
981,1089
981,1727
981,1108
981,1077
981,1110
981,1807
981,1472
981,1725
981,1931
982,1732
982,1467
983,1411
983,1248
983,1254
983,1489
983,1372
983,1286
983,1116
983,1104
984,2220
984,1238
985,1255
985,1221
985,1401
985,1743
985,1083
985,1814
986,1261
986,1094
986,1472
986,2048
986,1909
986,1212
986,1277
986,1927
986,1107
987,1569
987,1732
988,1572
988,1818
988,2039
988,2232
989,1240
990,1276
990,2426
990,1200
990,2507
990,1361
990,1777
990,2240
991,1413
991,1980
991,2435
991,1954
991,1405
991,2116
991,2122
991,1585
991,1619
991,1267
991,1547
992,1917
992,1277
992,1266
992,2324
992,1222
992,2324
993,1267
993,1207
993,1501
993,1413
993,1804
993,1826
994,1626
994,1489
994,1520
994,1105
994,1587
994,1828
995,1633
995,1733
995,1411
995,2367
995,1527
995,2257
995,1483
996,1278
996,2170
996,1856
996,1082
997,1254
997,2467
997,1489
998,1376
998,1248
998,1891
998,1117
998,1495
999,1297
1000,1868
1000,2566
1000,1859
1000,1528
1000,1117
1001,1511
1001,1598
1001,1082
1001,1419
1001,1132
1001,1511
1002,1357
1002,1328
1003,1803
1003,1653
1003,1511
1003,1254
1003,1111
1003,1127
1003,1322
1003,1260
1003,2219
1003,1656
1003,2191
1003,1671
1003,1250
1003,1315
1004,1649
1004,1278
1004,1288
1004,1107
1004,1530
1004,1137
1004,2187
1005,1135
1007,1341
1007,1153
1009,1150
1013,1154
1013,1248
1013,1303
1014,2082
1014,1311
1014,1878
1014,1430
1014,2566
1015,2348
1015,1157
1015,1433
1015,2105
1015,1146
1016,1075
1016,2026
1016,2566
1016,1790
1016,2348
1017,2303
1017,2148
1018,2013
1018,1067
1018,2303
1018,1792
1018,1149
1020,1149
1020,1164
1020,2160
1020,2026
1020,1881
1020,1173
1021,2303
1021,1341
1021,1148
1022,1701
1022,1681
1022,1496
1023,2052
1023,1500
1023,1291
1023,2230
1024,1873
1024,2303
1024,1061
1024,1379
1025,1054
1025,1197
1026,2493
1026,1066
1026,1076
1026,1156
1027,1147
1028,1790
1028,2556
1028,2525
1028,1563
1028,1156
1028,1185
1028,1163
1028,1142
1028,1183
1028,2105
1028,1162
1028,1146
1028,1534
1028,1891
1028,2542
1053,1379
1053,1186
1053,1425
1053,2091
1053,1364
1054,1539
1054,1364
1054,1289
1054,1151
1054,2091
1054,1425
1054,1197
1055,2109
1055,1198
1055,2210
1057,1297
1057,1211
1057,1422
1057,1891
1057,1311
1058,2013
1058,1790
1058,1632
1058,2293
1058,2525
1059,1289
1059,1494
1059,1177
1059,1556
1059,1176
1059,2091
1059,1584
1060,1174
1061,1422
1062,1329
1062,1211
1062,1311
1062,2264
1062,1776
1064,1289
1064,1182
1064,1197
1065,2091
1066,1970
1066,1645
1066,1490
1066,1790
1066,1306
1066,1422
1068,1632
1069,1327
1069,1681
1069,1668
1070,1876
1070,1632
1071,1590
1071,1588
1071,2528
1071,1637
1071,1554
1072,1364
1072,1425
1073,1327
1074,1980
1074,1405
1074,1548
1075,1264
1075,1679
1075,2525
1075,1190
1075,1878
1077,1509
1077,2126
1077,1807
1077,1472
1077,1725
1077,2182
1078,2253
1078,1694
1078,2254
1078,2052
1078,1885
1078,1787
1079,1752
1079,1325
1079,2458
1079,1472
1080,1497
1080,1227
1080,1507
1080,2374
1080,1807
1080,1732
1080,1472
1080,1931
1081,2073
1081,2071
1082,1818
1082,1557
1083,1814
1083,1999
1083,1255
1083,1221
1084,1868
1084,1509
1084,2033
1084,2435
1084,2180
1084,1571
1084,2580
1085,1764
1085,1450
1085,1856
1085,1857
1086,1517
1086,2134
1086,1416
1086,1396
1086,1441
1086,2324
1086,2371
1087,1657
1087,1809
1087,1808
1087,1906
1087,1721
1088,1286
1088,1350
1088,1232
1088,1280
1089,1818
1089,1555
1089,2184
1089,1673
1089,1647
1089,1905
1089,1818
1089,1350
1089,1472
1089,1286
1089,1262
1090,1244
1091,2109
1091,1186
1091,1632
1091,1186
1091,1580
1092,1200
1093,1129
1093,1130
1093,2087
1093,1320
1093,597
1093,1720
1094,1322
1094,2048
1094,1396
1094,1663
1094,2266
1094,1928
1094,1517
1095,1210
1095,2062
1095,1206
1095,1285
1096,1489
1096,2232
1096,1916
1096,1550
1096,1201
1096,1232
1096,1270
1096,1643
1096,1513
1098,1555
1098,1207
1098,1286
1098,1254
1098,1472
1098,2170
1098,1423
1098,1208
1099,2319
1099,2373
1099,1283
1099,1373
1099,2054
1100,1892
1100,1834
1100,1608
1100,2233
1101,1555
1101,1818
1102,2339
1102,1889
1102,2402
1102,1914
1102,1257
1102,2062
1103,1633
1103,1472
1103,1210
1103,1560
1103,1215
1103,1931
1104,1472
1104,1467
1104,1635
1104,1998
1104,1732
1104,1507
1104,2180
1104,2122
1105,2518
1105,1828
1105,2101
1105,1489
1105,1357
1106,1660
1106,1461
1106,1200
1106,2433
1106,1283
1106,1468
1106,1807
1106,1210
1106,1276
1106,2335
1106,1813
1107,1278
1107,1230
1107,1649
1107,1229
1107,1222
1107,2187
1107,1212
1107,1288
1108,1286
1108,1201
1108,1697
1108,1270
1109,2004
1109,1328
1109,2190
1109,1357
1109,2041
1110,1538
1110,1234
1110,1224
1110,1251
1110,1511
1110,1633
1110,1617
1110,1407
1110,1509
1110,1892
1110,1344
1110,1472
1110,1807
1110,1637
1110,1252
1110,1512
1110,2269
1110,1397
1110,1256
1111,2477
1111,1656
1111,1511
1112,2004
1112,2517
1112,2003
1112,2190
1112,1933
1112,1636
1112,2007
1112,1904
1112,1357
1112,2041
1112,1551
1113,1221
1113,1814
1113,1627
1113,2259
1114,1896
1114,1931
1114,1732
1114,2257
1114,1264
1114,1270
1114,1695
1114,1201
1114,1633
1114,2107
1114,1580
1114,2429
1114,2122
1115,1400
1115,1532
1115,1746
1115,2200
1115,1257
1115,1615
1116,2391
1116,1286
1116,1411
1116,1818
1116,1513
1116,2437
1117,1890
1117,1376
1117,1348
1117,1928
1117,1495
1118,2109
1118,1262
1119,2316
1119,1732
1119,2319
1119,2518
1119,1728
1119,1729
1119,2122
1120,1716
1120,1532
1120,1257
1120,2030
1120,1745
1121,2105
1121,1891
1121,1632
1121,2196
1121,1187
1121,2566
1122,1234
1122,2004
1122,1509
1122,1418
1122,1276
1123,1239
1123,1278
1123,1557
1123,1280
1123,1750
1123,1486
1123,1233
1124,1224
1124,2337
1124,1520
1124,1217
1124,1915
1124,1920
1124,575
1124,1839
1124,1521
1125,1489
1125,1507
1125,1818
1125,1647
1125,1372
1125,1819
1126,1248
1126,1210
1126,1933
1126,2190
1126,1507
1126,1732
1126,1996
1126,1821
1128,698
1128,2125
1128,1777
1129,1093
1129,1199
1129,1229
1129,1130
1130,2048
1130,1320
1131,1239
1131,1486
1132,1547
1132,1619
1132,1217
1132,1839
1132,1413
1132,1532
1132,1428
1132,1930
1132,2039
1132,1267
1133,2190
1133,2007
1133,1357
1133,1328
1133,2093
1133,1904
1134,1739
1134,1816
1135,1558
1135,2516
1135,2297
1136,1998
1136,2590
1136,1858
1136,1802
1136,1272
1136,2158
1137,1278
1137,1566
1137,1261
1138,2232
1138,1919
1138,1459
1139,2087
1139,1627
1139,1242
1139,1964
1139,2039
1139,1919
1140,1568
1140,2525
1141,1627
1143,1341
1144,1306
1144,1588
1144,1422
1146,1172
1146,1183
1146,1694
1146,2223
1147,1588
1148,1493
1148,1175
1149,2013
1149,1484
1149,2525
1150,1341
1150,1709
1150,1179
1150,1175
1150,1795
1151,1289
1151,2223
1151,1183
1152,2148
1152,1211
1152,1579
1152,1414
1153,2228
1154,1952
1154,1248
1155,1781
1155,1985
1158,2542
1158,1303
1158,2104
1161,1701
1162,1586
1162,1185
1163,1803
1163,1671
1163,2264
1163,1303
1164,1880
1164,2303
1164,1537
1164,2282
1164,1433
1165,1167
1165,1178
1165,1239
1165,1264
1165,1777
1167,1695
1167,1584
1170,1781
1170,1331
1171,2264
1171,1482
1171,1494
1171,1586
1171,1433
1171,1528
1171,1311
1171,1430
1171,1891
1171,1639
1171,2348
1171,2108
1171,2566
1172,1781
1172,1783
1172,2091
1173,1299
1173,1792
1176,1781
1176,1662
1177,2246
1177,2228
1178,1500
1178,1292
1178,1311
1180,1871
1180,1873
1180,2282
1180,1875
1180,1790
1181,2392
1181,2228
1182,1331
1182,2091
1182,2525
1182,1662
1183,2542
1183,1970
1183,1777
1183,1295
1183,1680
1184,2253
1184,2199
1184,1891
1184,1801
1185,2556
1185,2566
1185,1534
1185,1586
1186,1632
1186,1422
1187,2566
1187,1891
1187,1430
1189,1701
1189,1687
1190,1875
1190,1708
1192,1687
1192,1668
1192,1493
1192,1882
1194,1470
1195,1289
1195,2228
1195,1537
1196,1645
1196,1306
1196,1422
1196,2198
1196,2125
1196,1669
1196,1777
1196,1667
1197,1289
1198,1329
1198,1695
1198,2525
1198,1310
1198,2440
1198,1875
1199,2137
1199,1992
1199,2324
1199,2324
1199,1396
1199,2048
1199,1909
1200,2213
1200,2560
1200,2240
1200,2507
1200,2093
1201,2272
1201,1413
1201,1616
1201,1270
1201,2122
1201,1643
1202,1721
1202,1499
1203,2240
1203,1606
1204,2116
1204,1623
1204,2030
1204,2211
1204,1677
1204,1400
1207,1339
1207,1423
1207,1610
1207,2323
1207,1935
1207,1474
1207,1730
1208,1497
1208,1599
1208,1647
1208,1514
1208,1350
1208,1730
1209,2124
1210,1660
1210,1633
1210,1933
1210,2041
1210,1437
1210,1440
1210,1904
1211,1692
1211,1425
1211,1662
1211,1539
1212,1761
1214,1340
1214,1818
1214,1514
1214,1928
1215,1635
1215,2374
1215,1734
1215,1497
1215,1622
1215,1509
1215,1582
1215,1472
1215,1371
1216,2001
1216,2470
1216,1649
1216,2324
1216,1917
1216,1814
1216,2371
1217,1930
1217,1609
1217,1837
1217,2484
1217,1839
1217,1720
1217,1547
1218,1416
1218,2323
1218,1919
1218,2433
1218,2397
1218,1719
1218,1990
1218,1964
1219,1536
1219,2065
1220,1706
1220,2296
1220,1428
1220,2433
1220,2370
1220,1441
1220,2372
1220,1481
1220,2190
1220,1416
1221,1814
1222,1917
1222,1288
1223,2004
1223,1726
1223,2319
1223,2579
1224,2100
1224,1313
1224,2481
1224,2240
1225,2211
1225,2030
1225,2116
1226,1807
1226,1399
1226,1509
1227,2091
1227,1931
1228,1344
1228,2060
1228,1472
1228,2174
1228,1511
1228,1732
1228,1497
1228,1703
1228,1932
1228,1514
1229,1426
1229,2470
1229,1839
1229,1663
1229,2324
1230,1297
1230,1480
1230,1663
1230,2187
1230,2120
1231,2266
1231,2368
1231,1480
1231,2187
1231,2120
1231,1468
1231,1928
1231,1818
1231,1813
1231,1232
1231,1819
1231,2399
1232,1733
1232,1933
1232,2329
1232,2232
1232,1904
1232,1231
1232,1647
1232,1818
1232,1514
1233,1647
1233,1818
1233,1508
1233,1846
1233,1350
1234,1418
1234,1931
1234,1987
1234,1399
1234,1509
1234,1637
1234,2018
1234,1664
1234,1834
1235,2105
1235,1862
1235,2566
1236,1377
1236,1703
1236,1939
1236,1577
1237,2319
1237,2518
1238,2288
1239,698
1239,2180
1239,2195
1240,1913
1241,1586
1241,1891
1242,2575
1242,1972
1242,2323
1242,1290
1242,2039
1242,1964
1243,1461
1243,1520
1243,1468
1243,1813
1243,1513
1243,1521
1245,1380
1245,1373
1245,1711
1245,2054
1245,2319
1245,1712
1246,1856
1246,2371
1246,1631
1246,1362
1247,1342
1248,1889
1248,1411
1248,2003
1248,2190
1249,1702
1249,1741
1250,1472
1250,1315
1251,1807
1251,1399
1252,1807
1252,1818
1252,2319
1254,1514
1254,1996
1254,1350
1254,2122
1255,1814
1255,2187
1255,1812
1255,1890
1255,2522
1255,1547
1256,1702
1256,1844
1256,1651
1256,1532
1256,1257
1256,1617
1257,1585
1257,2093
1257,1745
1257,1532
1258,2163
1258,1642
1258,1981
1258,2292
1259,1587
1259,1752
1260,2195
1260,1813
1260,2219
1261,1909
1261,1649
1261,2470
1261,1917
1261,2048
1262,2109
1262,2170
1262,2210
1262,1764
1262,1514
1262,1472
1262,1350
1262,1555
1262,1820
1263,2112
1263,2184
1263,2158
1264,2525
1264,1432
1264,1718
1264,1488
1264,1683
1264,1873
1266,1426
1266,1917
1266,2324
1266,1441
1266,1547
1267,1930
1267,1804
1267,1413
1267,1720
1268,1593
1269,1486
1269,1536
1270,1818
1270,1514
1270,1201
1270,1729
1271,2002
1271,1293
1271,1822
1272,2003
1272,1291
1272,1440
1272,1580
1273,1918
1273,2433
1273,2143
1273,2179
1273,1428
1273,1441
1273,2025
1273,1575
1273,1547
1273,1604
1273,1367
1273,1459
1274,1832
1274,1851
1274,1818
1274,1542
1274,1315
1276,1599
1276,1355
1276,1656
1277,1737
1277,1917
1277,1909
1277,1761
1277,1288
1277,1732
1277,2522
1278,1297
1278,2187
1278,2019
1279,2565
1280,2160
1280,2199
1280,1486
1280,1846
1281,2048
1281,1909
1283,1489
1283,1399
1283,1411
1283,1373
1283,1807
1283,1711
1284,1807
1284,1509
1284,2368
1284,1399
1284,1472
1284,1483
1285,1348
1285,2128
1285,1206
1285,1472
1285,1807
1285,1931
1285,1633
1285,1912
1286,1818
1286,1647
1286,1370
1286,1472
1286,1350
1286,1372
1288,1917
1288,1909
1288,1649
1289,1556
1290,1468
1290,2039
1290,1472
1290,1955
1290,1964
1291,1970
1291,1580
1291,1800
1291,1537
1291,1896
1292,2348
1292,2566
1292,1528
1292,2026
1293,1746
1293,2116
1293,1623
1293,2030
1293,2010
1293,1822
1293,2245
1293,1542
1295,1680
1303,2303
1303,1491
1303,1556
1303,1680
1303,1477
1303,2542
1306,1645
1306,1790
1310,1890
1310,2258
1311,1528
1311,2196
1311,2556
1311,2026
1311,1891
1311,2170
1311,1790
1313,2197
1313,2107
1313,2100
1320,2256
1320,1624
1321,1573
1321,1635
1321,1661
1321,2399
1322,1890
1322,2258
1322,2266
1322,1812
1322,2195
1322,2433
1322,2422
1322,698
1322,2187
1322,1527
1322,1927
1322,1928
1322,2521
1322,2089
1325,2342
1325,1716
1325,1501
1325,1504
1325,1636
1325,2197
1325,1826
1326,1591
1326,2518
1327,1878
1328,2517
1328,1702
1328,2190
1328,2291
1329,2148
1329,2091
1331,1662
1331,1584
1334,1882
1334,1875
1334,1886
1334,1681
1334,1878
1334,1654
1337,1890
1337,1481
1337,1461
1337,1520
1337,1888
1339,1860
1339,1571
1339,1967
1341,1500
1343,1545
1344,2399
1344,2060
1344,1464
1344,1989
1344,2174
1344,1932
1344,2277
1344,1703
1344,1821
1348,1732
1348,2214
1348,1858
1350,1538
1350,2170
1350,2184
1350,1818
1350,1732
1350,1820
1350,1819
1355,1852
1355,1660
1355,1633
1355,1914
1355,1635
1355,1931
1355,2062
1357,2004
1357,2003
1357,2093
1357,2291
1357,2231
1357,1636
1357,2517
1357,2041
1357,2316
1361,1540
1361,2003
1361,2062
1361,1471
1361,2339
1361,2017
1361,2240
1362,1593
1362,1610
1362,1752
1364,2091
1364,2303
1364,1801
1364,1539
1366,1578
1367,1941
1367,1918
1367,1814
1367,1520
1367,1461
1367,1468
1367,1521
1370,1557
1370,1485
1370,1533
1370,1643
1371,2374
1371,1937
1371,2549
1371,2004
1371,1622
1372,1732
1372,1820
1372,2579
1372,1909
1373,2373
1373,1711
1373,2054
1373,2319
1373,1712
1377,1931
1377,2260
1377,1664
1377,1804
1377,1806
1377,1804
1377,1703
1377,2399
1377,2442
1377,1989
1377,1932
1379,1556
1380,2319
1381,2264
1381,1881
1381,2141
1381,1465
1381,1539
1381,1780
1384,2091
1384,1585
1385,1767
1386,1621
1386,1495
1386,1468
1386,2084
1390,1495
1396,2001
1396,1917
1396,2371
1396,1674
1396,2324
1396,1640
1396,1649
1396,1517
1397,1827
1397,2580
1397,1488
1397,1472
1397,1514
1398,2293
1399,1807
1399,1509
1399,1727
1399,1472
1400,1648
1400,1542
1400,1716
1400,1677
1400,2030
1400,1747
1400,1530
1400,1715
1401,1626
1401,1549
1401,1326
1401,1640
1401,2154
1401,1587
1401,1502
1401,1541
1403,1955
1403,1468
1403,1558
1403,1527
1405,1980
1405,2525
1405,1614
1406,1732
1406,2368
1406,1812
1406,2521
1406,1521
1406,2433
1406,2187
1406,1827
1406,1932
1406,1547
1406,1461
1406,2397
1406,1480
1406,1915
1409,2542
1409,1777
1409,2125
1409,1877
1411,2240
1411,1889
1411,1732
1411,1527
1413,1712
1413,1616
1414,1605
1414,1469
1414,1688
1414,1585
1414,1579
1414,2148
1414,2303
1414,1522
1415,1855
1415,1825
1415,1797
1416,1930
1416,1837
1416,2371
1416,2484
1416,2187
1416,1839
1416,1720
1416,1547
1417,1541
1418,1826
1418,2018
1418,1804
1418,2107
1419,2404
1419,1997
1422,1494
1422,1790
1422,1632
1422,2274
1422,1662
1423,1750
1423,1610
1423,1767
1425,2091
1425,1539
1426,2001
1426,1917
1426,2371
1426,1517
1426,1674
1426,2324
1426,1928
1426,2048
1426,1909
1427,1899
1428,1547
1428,1609
1428,2484
1428,2143
1430,2348
1432,2525
1432,1662
1432,1683
1432,1875
1432,1680
1432,1679
1432,1590
1433,2026
1433,1528
1433,2348
1433,1493
1433,2303
1433,2282
1437,2329
1437,2004
1437,1733
1437,1933
1437,1904
1437,2391
1437,1744
1437,1633
1437,1572
1437,2041
1437,1821
1437,1513
1440,2073
1441,1732
1441,1964
1441,2484
1441,2143
1441,1919
1441,1489
1441,1547
1441,1702
1441,2397
1441,2521
1441,2336
1443,2137
1443,2470
1443,2048
1443,2371
1443,2266
1443,1917
1443,1928
1443,1602
1443,1663
1443,2118
1443,2324
1450,1706
1450,2566
1450,1810
1452,1733
1452,1513
1452,1483
1458,1502
1458,1489
1458,1566
1458,1844
1459,1481
1459,2232
1459,2019
1459,2433
1459,1814
1459,1999
1459,2323
1459,1719
1459,1919
1459,1930
1459,1627
1461,1915
1461,2089
1462,1757
1462,1810
1462,2147
1463,1705
1463,1893
1463,2028
1463,1804
1463,1704
1463,1825
1464,1651
1464,1711
1464,1582
1464,1705
1464,1704
1464,1633
1466,1991
1466,1826
1467,1998
1467,1732
1467,1954
1467,2122
1467,2180
1468,1706
1468,1929
1469,1522
1469,2148
1470,1600
1471,1933
1471,2003
1471,2062
1471,2093
1471,2339
1471,1904
1471,1914
1471,2007
1471,2426
1471,2346
1471,2481
1471,2240
1472,1912
1472,2058
1472,2374
1472,1635
1473,2122
1473,2180
1474,1610
1474,1767
1474,1750
1475,2110
1476,2000
1476,1893
1476,2028
1476,1947
1476,1648
1477,1588
1479,1968
1480,2195
1480,2368
1480,2399
1480,2433
1480,2187
1480,2120
1481,1839
1481,2134
1482,2264
1482,1586
1482,1777
1482,2348
1482,2208
1483,1933
1483,1633
1483,1733
1483,1617
1483,1635
1483,1732
1484,2013
1487,1586
1488,1827
1488,2100
1488,2162
1488,2190
1488,2291
1488,2517
1488,2075
1488,1775
1489,1819
1489,1626
1489,2259
1489,1818
1489,2319
1489,1647
1490,2198
1490,1632
1490,2239
1490,1970
1490,1645
1490,1790
1490,2426
1493,2148
1493,2108
1493,1579
1493,2303
1493,1880
1494,2109
1494,2210
1495,1928
1495,2089
1495,2160
1495,1621
1495,2195
1495,2048
1495,1975
1496,1879
1497,2458
1497,1732
1497,1472
1497,1931
1497,1582
1499,1610
1500,2525
1500,2026
1501,1616
1501,1826
1501,1827
1503,1527
1504,1731
1504,2197
1505,1893
1505,2028
1505,1732
1505,2122
1506,1632
1506,2440
1507,1912
1507,1807
1507,1734
1508,1626
1508,1673
1508,1955
1509,1807
1510,1649
1510,2187
1511,2060
1511,1599
1511,1932
1511,1703
1511,1702
1511,1617
1512,1716
1512,2018
1512,1888
1512,2197
1512,1617
1513,1732
1513,2391
1513,2437
1514,1996
1514,1472
1514,1647
1514,1818
1516,1855
1517,1663
1517,1649
1517,2120
1517,1909
1520,1641
1520,2258
1520,1461
1520,1813
1520,1919
1520,1706
1520,2259
1521,1706
1521,2337
1521,2258
1522,1605
1522,1585
1522,2148
1522,1579
1525,2566
1526,2371
1526,2266
1527,1626
1527,1507
1527,1503
1528,2556
1528,2566
1528,2026
1528,2348
1528,1790
1528,2282
1528,1639
1530,1648
1530,1747
1530,1677
1532,1715
1532,1716
1532,2200
1532,2030
1532,1745
1532,1581
1533,1643
1534,2556
1534,2566
1534,2026
1534,2348
1535,2518
1536,2423
1536,2065
1537,1781
1537,2091
1537,2210
1537,1681
1537,1639
1538,1633
1538,1703
1538,1647
1540,2291
1540,2003
1540,2093
1540,2190
1540,1551
1540,2062
1540,2007
1541,1702
1542,2116
1542,1623
1542,2111
1542,2030
1542,1822
1542,1655
1542,2211
1542,2010
1542,1925
1542,2172
1544,1693
1545,1811
1546,1677
1546,1828
1546,2116
1546,1746
1546,2172
1546,2030
1547,1837
1547,1899
1547,2045
1547,1992
1547,1930
1547,2433
1547,2397
1547,1719
1547,1839
1547,1720
1549,1731
1549,1730
1550,1556
1551,2003
1551,2093
1551,2190
1551,2517
1551,2291
1554,1588
1554,1679
1556,1645
1556,1550
1556,2525
1557,1676
1557,1635
1558,1607
1559,1666
1559,1963
1560,1633
1560,1666
1560,2004
1560,1732
1560,2041
1560,1728
1560,1821
1562,1585
1562,1688
1562,1579
1563,2525
1563,2566
1563,1687
1563,1683
1565,1914
1565,1827
1565,1575
1565,2107
1566,2004
1566,2124
1566,2154
1566,2319
1566,1743
1566,1712
1567,1790
1567,1652
1568,1683
1568,1668
1568,1950
1570,1890
1570,1931
1572,1827
1572,2039
1572,2162
1572,1616
1572,2232
1572,1826
1572,2272
1572,2100
1573,1661
1573,2401
1575,2323
1575,1706
1576,1769
1577,2298
1577,2107
1577,1868
1578,1941
1579,2148
1580,1600
1580,1970
1580,1896
1580,2240
1580,2379
1580,2423
1580,2239
1580,2346
1581,1715
1581,1716
1581,2030
1581,1991
1582,1711
1582,1734
1582,1912
1582,1989
1582,1821
1582,1934
1582,1932
1582,2319
1582,2235
1583,2105
1583,2274
1583,2381
1583,2034
1584,2021
1584,2525
1586,2208
1586,1862
1586,2348
1586,2264
1586,2566
1587,2518
1588,2293
1588,2405
1589,2237
1590,1695
1590,1679
1590,1875
1590,2525
1591,2054
1591,1828
1592,1758
1594,2164
1595,1859
1595,2240
1595,1802
1595,1868
1596,2057
1598,2187
1598,1929
1598,2120
1598,1915
1599,2399
1602,1942
1602,1755
1603,2575
1604,1918
1604,1706
1604,1812
1604,2189
1605,2148
1605,2392
1606,1735
1606,1767
1606,1744
1606,2330
1607,1898
1607,2165
1607,1983
1608,1894
1608,1834
1608,1925
1609,2134
1609,2092
1610,1767
1610,1750
1611,1701
1612,2518
1612,2355
1614,2035
1614,1980
1615,1894
1615,1834
1615,1925
1616,2122
1617,1716
1617,1919
1617,1715
1617,1702
1617,1845
1619,2546
1619,2122
1619,2045
1619,1954
1619,2518
1619,1826
1619,1828
1620,1742
1621,2237
1621,2432
1621,1723
1623,2116
1623,2211
1623,2010
1623,1746
1623,2172
1623,2030
1627,1919
1627,2025
1627,1964
1627,2399
1629,2002
1629,2010
1629,2135
1629,2116
1629,2030
1630,2018
1630,2056
1630,1804
1630,2027
1632,1687
1632,2525
1632,1681
1632,2293
1632,2224
1633,1744
1633,1931
1633,1912
1633,2367
1633,1732
1634,1732
1634,1728
1634,2122
1635,2579
1636,1805
1636,1746
1636,1903
1636,1715
1636,2107
1636,1828
1636,2041
1636,2116
1636,1737
1636,1826
1637,2116
1637,1704
1637,1705
1639,1679
1639,1683
1639,2091
1639,1881
1639,2286
1639,1695
1639,2525
1639,1781
1639,1875
1639,1689
1639,1891
1639,1700
1639,1985
1640,2470
1640,2001
1641,1865
1641,575
1644,1790
1644,2055
1644,2223
1645,1790
1647,2087
1647,1705
1647,1818
1647,1703
1647,1735
1647,1819
1648,1902
1648,2116
1648,1847
1648,1987
1648,2261
1649,1909
1649,2470
1649,1917
1649,2048
1649,2522
1650,1715
1650,2098
1650,2062
1650,1716
1651,1702
1651,1705
1651,1704
1651,2077
1653,2191
1653,1803
1653,1705
1653,2241
1654,2034
1654,1697
1655,2116
1655,1746
1655,2030
1655,2010
1656,1599
1657,1906
1657,1721
1657,1809
1658,2277
1659,1846
1660,2140
1660,1903
1660,2041
1661,2399
1662,2159
1663,2470
1663,1928
1663,2048
1663,2258
1664,2018
1664,2056
1664,1892
1664,1804
1664,2027
1664,1924
1665,1678
1666,1893
1666,1846
1667,1685
1668,1681
1669,2274
1669,2078
1670,2002
1670,1691
1671,2333
1671,1803
1671,1881
1672,1856
1673,1915
1673,1732
1673,1907
1674,2001
1674,1928
1674,2371
1674,2521
1674,2470
1674,2048
1675,2197
1675,1828
1676,1989
1676,1932
1676,1821
1676,1635
1677,2116
1677,1715
1677,1987
1677,1716
1677,2172
1677,2030
1679,1985
1679,2440
1680,2274
1681,2091
1683,2286
1683,1875
1684,1994
1685,2040
1685,2091
1685,2052
1685,1794
1685,1780
1685,2246
1685,2228
1685,1789
1687,2083
1687,1787
1687,2254
1687,2303
1687,2253
1688,2303
1689,2091
1689,2254
1689,2525
1691,2109
1691,2440
1691,2525
1691,2091
1691,2110
1691,2210
1691,2034
1692,1794
1694,2013
1694,2038
1694,2385
1695,2440
1695,2525
1696,2282
1696,2392
1696,1871
1696,2507
1696,2572
1696,2566
1696,2285
1696,2556
1697,1821
1697,1776
1700,2253
1700,2286
1701,2507
1701,1792
1701,2293
1702,2101
1702,1982
1703,2289
1703,2060
1703,1989
1703,2174
1703,1932
1704,2077
1704,2193
1704,1991
1704,1987
1704,2056
1704,2028
1704,1705
1704,2117
1704,2066
1705,2030
1706,1813
1706,2339
1706,2296
1706,1813
1707,2258
1707,2338
1707,1917
1707,2129
1707,1927
1707,2120
1708,2303
1708,1875
1708,2397
1709,2131
1710,2077
1710,1841
1711,2319
1712,2075
1712,2162
1712,2518
1712,2107
1712,2086
1712,2100
1713,1844
1714,1964
1714,2028
1714,1893
1715,1716
1715,1933
1715,2245
1715,2093
1715,2003
1715,2062
1715,1991
1715,1540
1715,2030
1716,1715
1716,2030
1716,1991
1718,2484
1718,1928
1719,2397
1719,2433
1719,2278
1719,1919
1719,2143
1720,1839
1720,2051
1720,2484
1720,1930
1721,1809
1721,1913
1721,1906
1721,1835
1722,1906
1722,1913
1722,1808
1722,1809
1722,1835
1723,2237
1724,2182
1725,2182
1726,2175
1726,1897
1727,1807
1728,2237
1728,2122
1728,2180
1729,1998
1729,2122
1729,2180
1730,2099
1730,1799
1731,2399
1731,2305
1731,1821
1732,2237
1732,1931
1732,1912
1732,2180
1732,2122
1733,1933
1733,2329
1733,2255
1733,2309
1733,1904
1734,2058
1734,2004
1734,2062
1734,2579
1734,2374
1734,1934
1735,1849
1735,1996
1735,1818
1735,1852
1735,441
1735,2310
1735,1903
1735,1820
1736,1844
1736,1845
1737,1828
1738,2318
1738,1843
1738,1839
1738,1828
1739,1810
1739,2147
1741,1895
1743,2116
1744,2128
1745,2111
1745,1982
1745,1895
1746,2116
1746,2093
1746,2010
1746,2135
1746,2261
1746,2133
1746,1822
1746,2000
1746,2200
1746,2030
1747,1902
1747,1900
1747,2116
1747,2215
1747,1847
1747,1987
1747,2261
1748,1893
1748,1815
1749,2060
1749,2310
1749,1934
1749,1989
1749,1932
1749,1996
1749,2054
1750,2061
1751,2399
1751,2122
1752,2109
1752,1937
1754,1852
1755,1942
1757,1917
1757,1854
1757,1960
1757,1909
1758,1858
1759,2256
1763,2039
1764,2109
1764,2210
1764,2310
1766,2399
1766,2048
1766,1909
1769,2369
1774,1984
1776,2566
1776,2138
1776,2159
1776,2082
1776,2303
1776,2253
1776,2021
1776,2525
1777,2055
1777,2125
1777,1970
1780,1878
1780,2484
1780,1881
1780,2558
1781,1875
1781,2440
1781,1985
1781,2525
1782,2303
1782,2463
1783,2078
1783,2090
1783,2125
1783,2542
1784,2274
1785,2125
1785,2253
1786,1985
1788,2076
1790,2223
1791,2109
1791,1870
1792,2303
1792,2083
1792,2013
1793,2405
1793,2301
1794,1985
1794,2237
1794,2392
1795,2046
1795,2013
1795,2038
1795,2303
1795,1887
1795,2141
1796,1996
1797,2099
1797,2005
1797,2004
1797,1935
1797,1937
1798,1937
1799,1798
1801,2138
1801,2253
1801,2008
1802,1896
1802,2240
1803,2333
1803,2199
1803,2218
1804,2027
1804,2124
1804,2018
1804,2028
1805,2124
1806,1892
1807,2368
1807,2330
1807,1910
1807,2342
1807,1812
1807,2344
1807,2126
1807,1903
1807,2197
1807,2291
1807,2041
1807,2190
1807,2004
1808,1913
1809,1906
1810,1964
1810,2025
1810,2147
1811,2147
1812,1890
1812,1915
1812,2399
1812,2433
1812,2120
1812,1888
1812,2397
1812,2397
1812,2129
1812,2114
1812,2338
1813,2258
1813,1977
1814,2575
1814,1992
1814,2484
1814,2338
1814,2558
1814,2297
1814,2123
1814,1999
1814,1929
1815,2172
1815,2030
1817,2180
1818,2199
1818,2048
1818,2259
1818,1819
1818,1998
1818,1928
1818,1954
1818,2579
1819,2184
1820,1996
1820,1910
1820,2180
1821,1932
1821,2399
1821,1897
1822,2002
1822,1963
1822,1893
1822,1987
1822,2000
1822,2261
1822,1923
1822,2010
1823,1963
1825,2425
1825,1988
1825,1923
1826,2197
1826,2124
1826,2077
1826,2041
1826,2316
1826,2107
1827,2437
1827,2027
1827,2391
1827,2086
1827,1904
1827,2162
1827,2100
1827,2535
1827,2518
1827,2007
1828,1826
1829,2075
1829,2313
1830,1944
1830,2248
1830,2043
1830,2411
1830,2379
1830,2234
1832,2591
1833,2460
1834,2111
1834,1925
1834,1894
1835,2200
1835,2131
1836,1902
1836,2261
1837,1890
1837,1992
1837,1930
1837,1972
1837,1888
1837,1920
1837,2484
1837,2134
1837,2045
1838,1890
1838,2258
1838,2337
1838,1888
1838,2266
1838,1915
1838,2187
1838,1927
1839,1888
1839,2051
1839,2484
1839,1930
1839,2134
1840,2518
1840,2075
1840,2107
1841,2032
1843,2318
1843,2092
1843,1840
1844,1927
1846,2077
1846,2259
1846,2199
1847,2066
1847,1893
1847,1933
1847,1904
1847,2018
1847,2172
1847,2030
1847,2056
1848,1905
1848,2215
1848,2266
1849,1934
1851,2460
1852,2161
1854,2522
1855,1935
1855,2005
1855,1934
1858,2590
1858,2158
1859,2240
1859,1984
1860,1967
1860,2272
1860,2353
1860,2417
1860,2232
1861,1930
1861,1890
1862,2426
1862,1917
1862,2274
1862,2507
1862,2223
1863,2069
1863,2046
1863,2566
1863,2081
1865,2187
1866,1949
1866,2024
1867,2213
1868,1941
1868,2575
1868,2240
1868,1920
1869,2055
1870,2109
1870,2034
1871,2035
1871,2392
1872,2035
1872,2287
1875,2525
1877,2223
1877,2525
1878,2286
1878,2021
1878,2525
1879,1341
1879,2079
1881,2566
1881,2208
1881,2264
1881,2348
1881,1891
1881,2196
1881,2525
1881,2021
1882,2253
1882,2286
1882,2303
1882,1970
1882,2392
1882,2254
1883,2105
1884,1974
1884,2168
1884,2013
1884,2026
1887,2046
1887,2038
1887,2013
1887,2303
1887,2141
1888,2092
1888,2051
1889,2426
1889,2062
1889,2176
1889,2339
1889,2382
1889,2558
1889,2129
1889,2240
1890,2258
1890,2323
1890,2521
1891,2348
1891,1881
1891,2196
1891,2282
1891,2556
1891,2566
1891,1969
1891,2264
1892,2018
1892,2107
1893,2028
1893,1963
1893,1991
1893,2117
1894,2200
1895,2111
1895,1982
1896,2240
1896,2180
1898,2054
1898,2558
1899,1992
1899,1983
1901,2172
1901,2030
1902,2200
1902,1991
1902,2111
1902,1987
1902,2261
1903,2140
1903,2190
1903,2291
1903,2518
1903,2041
1903,2197
1904,2017
1904,2190
1904,2003
1904,2007
1904,2093
1904,2062
1904,2214
1904,2231
1904,2037
1904,1996
1904,2276
1904,2127
1905,2266
1905,2218
1907,2019
1907,2522
1909,2565
1909,2470
1909,2187
1909,2048
1910,2126
1914,2093
1914,2062
1914,2003
1914,1972
1914,2143
1915,2399
1915,2368
1915,2266
1915,2337
1915,2336
1915,2579
1915,2129
1915,2089
1915,2123
1916,1979
1916,2076
1917,2371
1917,2521
1917,2470
1917,2266
1917,2048
1917,1909
1918,2338
1918,2337
1918,2558
1918,1977
1919,1990
1919,2179
1919,1964
1919,2259
1919,2323
1919,2087
1919,1972
1919,2232
1920,2484
1920,2045
1920,1964
1921,2092
1922,2006
1922,2116
1923,1973
1923,2224
1923,2030
1924,2027
1924,2018
1925,1987
1925,2056
1926,2101
1926,2032
1927,2397
1927,2258
1927,2338
1927,2120
1927,2195
1927,2129
1928,2048
1929,2195
1929,2123
1929,2129
1929,2337
1929,1983
1929,1977
1929,2219
1930,2484
1932,2004
1932,1996
1932,2174
1932,2054
1932,1989
1932,2399
1932,2310
1933,2004
1933,2062
1933,2167
1933,2007
1933,2255
1934,2331
1934,2549
1934,1937
1934,2458
1934,2004
1935,2005
1935,2099
1936,2005
1936,1960
1937,1934
1937,2099
1937,2004
1937,2374
1939,2212
1940,2371
1940,2143
1940,2323
1940,2179
1941,2088
1942,2220
1942,2101
1944,2264
1944,2043
1944,2105
1944,2026
1944,2196
1946,2109
1947,2000
1947,2062
1947,2003
1949,2024
1950,2392
1951,2240
1952,2035
1952,2274
1952,2507
1954,2180
1955,1995
1955,2399
1956,2359
1956,2586
1956,2415
1956,2184
1956,2271
1962,2453
1962,2481
1962,2071
1962,2213
1962,2234
1962,2457
1962,2346
1963,2390
1964,2179
1964,2120
1964,2258
1964,2484
1964,2143
1964,2323
1964,2232
1964,2118
1964,2399
1964,2134
1965,2077
1965,2117
1965,2056
1966,2375
1966,2442
1966,2182
1967,2266
1968,2132
1969,2208
1970,2178
1970,2198
1970,2303
1970,2105
1970,2125
1970,2525
1970,2239
1970,2055
1972,2321
1972,2484
1972,2575
1972,2258
1973,2222
1974,2168
1974,2303
1975,2160
1975,2394
1976,2178
1976,2219
1976,2301
1977,2129
1977,2120
1977,2258
1979,2320
1979,2076
1982,2115
1982,2240
1983,2143
1983,2176
1983,2219
1983,2088
1984,2088
1984,2176
1984,1983
1985,2102
1985,2474
1986,2314
1986,2193
1986,2217
1987,2066
1987,2116
1988,2063
1989,2174
1989,2206
1989,2235
1989,2060
1989,2399
1989,2374
1990,2518
1990,2323
1990,2321
1990,2322
1991,2306
1991,2056
1991,2117
1991,2119
1992,2134
1992,2118
1993,2176
1993,2190
1993,2323
1993,2264
1993,2507
1993,2348
1994,2507
1994,2084
1994,2432
1997,2076
1998,2167
1998,2180
1999,2338
1999,2297
2000,2339
2000,2062
2001,2137
2001,2213
2001,2371
2001,2484
2001,2470
2001,2266
2001,2320
2001,2521
2001,2324
2001,2118
2001,2438
2001,2169
2001,2335
2003,2062
2003,2093
2003,2190
2004,2062
2004,2319
2004,2330
2004,2276
2004,2041
2005,2099
2007,2231
2007,2093
2007,2190
2007,2003
2007,2517
2007,2291
2008,2253
2008,2213
2008,2138
2008,2274
2008,2228
2010,2116
2010,2298
2010,2244
2012,2154
2013,2083
2013,2105
2013,2303
2013,2168
2013,2055
2015,2580
2016,2580
2016,2189
2018,2124
2018,2106
2018,2056
2019,2338
2019,2089
2019,2072
2019,2522
2019,2120
2019,2399
2020,2133
2021,2286
2021,2125
2021,2525
2021,2159
2025,2295
2025,2143
2025,2323
2025,2179
2026,2566
2026,2348
2026,2282
2027,2172
2027,2193
2027,2119
2028,2117
2030,2066
2030,2211
2030,2172
2030,2116
2030,2117
2033,2240
2033,2069
2033,2334
2033,2164
2034,2109
2034,2091
2034,2210
2035,2264
2035,2274
2035,2507
2035,2572
2035,2566
2035,2392
2035,2282
2035,2348
2035,2285
2035,2556
2036,2055
2036,2138
2036,2303
2036,2184
2036,2168
2038,2144
2038,2303
2038,2196
2038,2092
2038,2243
2038,2317
2038,2318
2038,2474
2039,2232
2039,2255
2039,2272
2039,2100
2041,2291
2041,2190
2041,2156
2041,2004
2041,2342
2041,2231
2041,2197
2041,2343
2041,2517
2041,2316
2042,2210
2043,2108
2043,2081
2043,2566
2045,2467
2045,2237
2045,2518
2045,2276
2045,2484
2045,2122
2045,2316
2045,2259
2046,2556
2047,2123
2048,2432
2050,2213
2051,2056
2051,2144
2051,2092
2054,2319
2055,2178
2055,2213
2055,2285
2055,2301
2055,2381
2056,2306
2056,2390
2056,2193
2058,2549
2060,2174
2060,2399
2060,2319
2060,2235
2060,2374
2061,2269
2062,2339
2062,2558
2062,2382
2063,2224
2064,2521
2064,2544
2064,2461
2064,2241
2065,2243
2065,2196
2067,2223
2068,2199
2068,2454
2068,2411
2068,2400
2070,2359
2071,2215
2071,2522
2072,2222
2073,2240
2074,2147
2074,2310
2075,2518
2076,2288
2078,2274
2078,2223
2079,2274
2079,2274
2080,2187
2080,2337
2080,2372
2080,2169
2080,2213
2081,2253
2081,2566
2081,2303
2081,2385
2081,2254
2082,2264
2083,2566
2083,2303
2083,2160
2083,2274
2083,2348
2083,2507
2083,2148
2084,2432
2084,2237
2084,2489
2084,2426
2086,2478
2086,2368
2087,2259
2089,2258
2089,2337
2089,2372
2089,2195
2089,2399
2089,2338
2090,2542
2090,2379
2090,2223
2091,2253
2091,2286
2093,2291
2093,2190
2097,2367
2098,2213
2098,2056
2100,2518
2100,2272
2101,2402
2103,2396
2104,2198
2104,2284
2104,2164
2105,2566
2105,2348
2107,2197
2108,2243
2108,2264
2108,2348
2108,2196
2108,2386
2108,2572
2109,2210
2110,2525
2111,2200
2114,2397
2114,2203
2114,2433
2114,2422
2116,2211
2116,2172
2116,2200
2116,2245
2116,2261
2118,2470
2119,2172
2119,2193
2120,2399
2120,2195
2120,2337
2120,2187
2120,2338
2122,2231
2122,2237
2122,2045
2122,2180
2123,2337
2124,2197
2124,2193
2124,2261
2124,2190
2124,2374
2124,2291
2124,2182
2125,2198
2125,2525
2125,2303
2125,2287
2125,2246
2126,2182
2126,2375
2126,2579
2128,2310
2128,2276
2128,2175
2129,2258
2129,2370
2129,2195
2133,2503
2135,2211
2137,2433
2137,2320
2137,2470
2137,2459
2137,2335
2137,2521
2137,2389
2137,2312
2137,2368
2138,2286
2138,2253
2138,2303
2138,2148
2139,2565
2139,2528
2139,2391
2139,2489
2139,2556
2139,2566
2139,2371
2140,2580
2141,2303
2141,2274
2141,2264
2141,2399
2142,2160
2142,2396
2143,2179
2143,2323
2143,2484
2144,2318
2144,2265
2144,2233
2144,2257
2147,2235
2148,2303
2148,2275
2150,2544
2150,2241
2158,2444
2159,2286
2160,2237
2160,2396
2162,2391
2162,2518
2163,2317
2164,2542
2165,2302
2165,2263
2167,2317
2169,2297
2172,2390
2172,2261
2174,2235
2174,2399
2174,2374
2175,2310
2176,2278
2176,2522
2176,2453
2178,2405
2178,2566
2178,2301
2179,2484
2181,2303
2181,2284
2182,2424
2182,2375
2182,2289
2182,2442
2184,2259
2184,2550
2184,2199
2186,2234
2187,2372
2187,2371
2187,2338
2187,2451
2187,2266
2187,2459
2187,2337
2187,2258
2187,2399
2190,2517
2190,2291
2190,2316
2191,2467
2191,2241
2191,2219
2191,2335
2191,2371
2191,2266
2193,2342
2195,2337
2196,2556
2196,2386
2196,2243
2196,2348
2196,2264
2196,2566
2197,2342
2198,2287
2198,2223
2199,2550
2199,2259
2201,2241
2202,2274
2202,2286
2202,2525
2203,2397
2203,2375
2203,2399
2203,2442
2203,2271
2205,2531
2205,2355
2206,2374
2206,2289
2206,2291
2206,2368
2206,2399
2206,2518
2206,2273
2206,2277
2206,2272
2213,2400
2213,2347
2213,2461
2213,2240
2214,2310
2215,2278
2218,2266
2219,2467
2219,2191
2219,2266
2219,2335
2222,2522
2223,2392
2223,2525
2225,2266
2226,2308
2227,2525
2228,2246
2231,2517
2232,2266
2232,2272
2233,2318
2234,2505
2234,2411
2234,2545
2235,2330
2235,2276
2235,2579
2235,2376
2235,2310
2235,2458
2236,2506
2237,2240
2237,2396
2239,2346
2239,2347
2239,2542
2239,2423
2239,2396
2239,2379
2240,2345
2240,2382
2240,2481
2240,2426
2243,2317
2243,2318
2245,2449
2245,2559
2246,2392
2249,2525
2252,2396
2254,2525
2254,2463
2255,2579
2255,2429
2256,2400
2257,2367
2258,2338
2258,2337
2258,2399
2260,2433
2260,2321
2260,2521
2260,2398
2261,2317
2262,2590
2262,2370
2263,2321
2263,2397
2264,2556
2264,2566
2264,2348
2265,2367
2265,2374
2265,2458
2266,2371
2266,2506
2266,2431
2271,2371
2271,2310
2271,2399
2271,2459
2271,2478
2271,2329
2271,2521
2273,2518
2273,2446
2274,2525
2274,2385
2276,2461
2277,2549
2278,2370
2278,2522
2280,2385
2282,2566
2282,2274
2282,2506
2282,2556
2282,2572
2282,2587
2285,2346
2288,2326
2288,2437
2289,1819
2289,2442
2289,2375
2289,2310
2290,2294
2291,2517
2293,2328
2294,2290
2296,2451
2296,2459
2296,2339
2296,2398
2296,2397
2296,2368
2296,2433
2296,2399
2297,2399
2297,2337
2297,2338
2301,2405
2302,2410
2303,2385
2306,2444
2308,2458
2310,2458
2310,2384
2310,2376
2310,2579
2312,2389
2312,2570
2316,2471
2316,2517
2317,2376
2318,2367
2319,2373
2320,2391
2320,2326
2320,2433
2321,2422
2323,2484
2324,2484
2326,2320
2326,2391
2326,2535
2326,2437
2329,2399
2329,2459
2329,2478
2329,2536
2329,2374
2329,2484
2329,2368
2330,2374
2331,2458
2331,2498
2331,2310
2332,2507
2334,2572
2334,2489
2334,2542
2335,2470
2335,2521
2335,2451
2335,2433
2335,2397
2337,2459
2337,2558
2337,2522
2337,2478
2337,2575
2337,2368
2337,2372
2337,2484
2337,2451
2338,2399
2338,2337
2339,2558
2339,2370
2339,2372
2339,2371
2339,2368
2340,2446
2340,2487
2340,2558
2341,2558
2341,2529
2341,2423
2342,2446
2343,2518
2345,2382
2345,2565
2345,2508
2345,2457
2345,2426
2345,2402
2345,2401
2346,2461
2346,2453
2346,2481
2346,2435
2347,2508
2347,2426
2347,2565
2347,2461
2348,2556
2348,2572
2348,2566
2352,2426
2353,2318
2353,2417
2353,2318
2354,2421
2354,2475
2354,2522
2356,2442
2367,2485
2368,2478
2368,2433
2370,2433
2370,2558
2370,2436
2370,2484
2370,2521
2371,2470
2371,2521
2371,2478
2374,2458
2375,2424
2375,2442
2376,2425
2378,2426
2378,2430
2379,2426
2379,2481
2380,2435
2381,2572
2381,2506
2382,2426
2384,2458
2386,2572
2386,2556
2386,2587
2386,2566
2390,2446
2391,2535
2391,2437
2392,2555
2392,2525
2394,2552
2395,2423
2395,2558
2396,2467
2396,2426
2396,2481
2397,2433
2397,2422
2397,2575
2398,2478
2398,2532
2398,2484
2398,2433
2398,2459
2398,2431
2398,2521
2400,2461
2400,2424
2401,2508
2402,2451
2406,2486
2412,2579
2412,2505
2415,2426
2418,2522
2423,2547
2424,2426
2424,2481
2426,2553
2426,2424
2426,2481
2426,2487
2430,2492
2431,2532
2431,2484
2432,2573
2433,2575
2433,2529
2433,2565
2433,2453
2433,2521
2437,2576
2437,2535
2437,2579
2440,2528
2440,2500
2440,2525
2440,2507
2442,2481
2443,2485
2443,2498
2443,2512
2446,2518
2447,2503
2451,2575
2452,2549
2453,2522
2453,2558
2453,2433
2456,2511
2457,2426
2458,2543
2458,2589
2458,2512
2459,2536
2459,2485
2459,2532
2459,2558
2459,2521
2459,1920
2459,2498
2460,2522
2461,2499
2461,2521
2461,2558
2469,2527
2470,2565
2470,2575
2470,2521
2470,2484
2471,2522
2472,2435
2478,2484
2479,2511
2479,2503
2484,2558
2484,2575
2503,2511
2508,2585
2508,2565
2508,2543
2508,2518
2508,2576
2511,2543
2511,2553
2511,2545
2511,2503
2517,2568
2518,2576
2520,2556
2520,2566
2520,2572
2520,2587
2530,2546
2535,2578
2576,2585
2585,2138
