id,conf,year,times,x,y,
0,1,2014,0,27.532007,15.865782,
1,1,2014,0,62.557148,-36.101074,
2,1,2014,0,46.556316,6.879743,
3,1,2014,0,58.907524,-37.05651,
4,1,2014,0,16.026148,-26.319489,
5,1,2014,0,42.36429,25.979284,
6,1,2014,0,29.288975,4.018637,
7,1,2014,0,46.090565,27.28027,
8,1,2014,0,37.807602,-6.959654,
9,1,2014,0,19.527561,-5.8622065,
10,1,2014,0,30.901657,-9.484316,
11,1,2014,1,59.059746,-9.168523,
12,1,2014,0,64.97735,13.651478,
13,1,2014,0,53.04002,3.8696918,
14,1,2014,0,22.25096,7.8816056,
15,1,2014,0,4.6662736,-7.8682914,
16,1,2014,0,55.83509,24.84118,
17,1,2014,0,27.51138,-28.635376,
18,1,2014,0,15.488788,39.96541,
19,1,2014,0,75.74978,-29.40113,
20,1,2014,0,56.472168,-4.4918237,
21,1,2014,0,70.27292,-37.063538,
22,1,2014,0,26.87439,-34.716164,
23,1,2014,0,47.158745,-23.926924,
24,1,2014,0,60.697865,-45.620037,
25,1,2014,0,17.910244,10.638909,
26,1,2014,0,29.699324,-30.826097,
27,1,2014,0,61.451664,-33.401028,
28,1,2014,0,22.801153,7.3616,
29,1,2014,0,40.689003,-18.259813,
30,1,2014,0,12.623235,-5.947007,
31,1,2014,0,55.428753,3.5289671,
32,1,2014,0,27.031336,-3.1699286,
33,1,2014,0,58.52336,-0.7154601,
34,1,2014,0,58.52016,-14.567899,
35,1,2014,0,64.24755,-17.704218,
36,1,2014,2,54.845367,-14.8856125,
37,1,2014,2,56.588566,-7.807736,
38,1,2014,0,52.28014,-9.31491,
39,1,2014,0,31.278584,-30.6502,
40,1,2014,0,25.474312,15.155406,
41,1,2014,0,10.493458,-1.2389871,
42,1,2014,0,53.30065,24.632421,
43,1,2014,0,67.12381,-21.664923,
44,1,2014,0,54.718487,28.615747,
45,1,2014,0,62.67399,-24.668165,
46,1,2014,0,48.55924,-5.641535,
47,1,2014,0,48.079227,-18.64226,
48,1,2014,0,8.620151,-2.4251196,
49,1,2014,0,37.9678,0.52773476,
50,1,2014,0,13.2791195,1.6744214,
51,1,2014,0,41.553116,-3.151569,
52,1,2014,0,13.149639,-3.5650396,
53,1,2014,0,18.523455,3.5666502,
54,2,2014,0,46.680904,-26.935614,
55,2,2014,0,49.013275,-26.438091,
56,2,2014,0,45.017097,-21.921642,
57,2,2014,0,51.45065,-25.309544,
58,2,2014,0,27.091923,-9.798128,
59,2,2014,0,73.717766,-1.1169633,
60,2,2014,0,73.4346,-2.786927,
61,2,2014,0,56.983864,-33.96635,
62,2,2014,0,40.362568,-37.27331,
63,2,2014,0,41.692318,3.3232207,
64,2,2014,0,48.554424,33.344597,
65,2,2014,0,33.70228,-13.511848,
66,2,2014,0,34.581684,-25.338406,
67,2,2014,0,35.45926,-24.86428,
68,2,2014,0,37.564137,-34.872047,
69,2,2014,0,11.520498,20.759201,
70,2,2014,0,40.87605,-5.938487,
71,2,2014,1,70.27328,-23.162983,
72,2,2014,0,53.59619,-40.359264,
73,2,2014,0,76.64515,-12.366342,
74,2,2014,0,58.073692,-28.063038,
75,2,2014,0,69.009026,-8.716789,
76,2,2014,0,28.553526,-19.687714,
77,2,2014,1,11.087983,-2.9600668,
78,2,2014,0,65.81205,-12.331067,
79,2,2014,0,26.267353,41.97529,
80,2,2014,0,47.074947,-52.49277,
81,2,2014,0,71.62221,-23.545813,
82,2,2014,0,72.46166,-6.7913775,
83,2,2014,0,33.41001,-39.999584,
84,2,2014,0,48.85471,-27.649868,
85,2,2014,0,69.33025,-5.1851754,
86,2,2014,1,11.650127,21.576864,
87,2,2014,0,50.669037,-27.558329,
88,2,2014,0,53.552692,-50.825397,
89,2,2014,2,54.592686,-13.940838,
90,2,2014,0,41.6768,29.019295,
92,2,2014,0,57.84119,7.1516094,
93,2,2014,0,36.40694,-12.472004,
94,2,2014,0,29.859291,-32.47291,
95,2,2014,0,43.06751,26.431095,
96,2,2014,0,15.542996,-28.466228,
97,2,2014,0,36.444733,-2.2185304,
98,2,2014,0,13.372767,15.083526,
99,0,2014,0,-27.993017,-31.812365,
100,0,2014,0,-22.686768,-28.703228,
101,0,2014,0,-43.515587,-12.603426,
102,0,2014,1,-22.723867,-28.769428,
103,0,2014,0,12.486182,13.422082,
104,0,2014,0,1.9277396,46.496662,
105,0,2014,0,-21.470762,15.69645,
106,0,2014,0,-34.194553,7.4612966,
107,0,2014,0,43.873867,-16.622948,
108,0,2014,1,13.243296,14.829751,
109,0,2014,0,-4.390258,30.457478,
110,0,2014,0,-4.5000606,29.21,
111,0,2014,0,7.5690646,22.48841,
112,0,2014,0,-1.7374641,40.563934,
113,0,2014,0,-24.322289,19.39671,
114,0,2014,0,-19.73634,64.53578,
115,0,2014,0,-15.079138,65.1785,
116,0,2014,0,-24.392984,-24.213106,
117,0,2014,0,-5.4874315,61.040142,
118,0,2014,0,-34.154366,37.196228,
119,0,2014,0,-16.445839,25.127232,
120,0,2014,0,-16.458782,-36.06078,
121,0,2014,0,-24.845402,23.859432,
122,0,2014,0,-22.473873,57.337402,
125,0,2014,0,59.998363,29.108795,
126,0,2014,0,42.62574,24.10739,
127,0,2014,0,2.6578546,54.21269,
128,0,2014,0,8.40024,38.35626,
129,0,2014,0,-50.937447,35.384922,
130,0,2014,0,-14.557859,-34.7455,
131,0,2014,0,14.868377,6.248703,
132,0,2014,0,4.3211007,30.549606,
133,2,2013,1,57.421753,-29.475718,
134,2,2013,5,71.21663,-39.47245,
135,0,2013,0,2.8658614,14.851504,
136,2,2013,1,47.11903,35.67862,
137,0,2013,0,-28.494524,17.36009,
138,2,2013,6,66.23245,-45.401405,
139,1,2013,6,29.97096,-36.636097,
140,0,2013,6,-21.259102,-56.477726,
141,0,2013,0,33.86553,-17.70711,
142,0,2013,1,-6.6925707,61.226013,
143,0,2013,1,-21.867464,17.47824,
144,2,2013,2,73.63895,-33.972614,
145,0,2013,1,-29.12065,25.04111,
146,1,2013,2,59.50503,-27.885752,
147,0,2013,2,57.035507,24.803268,
148,2,2013,3,71.84522,-24.722424,
149,0,2013,0,7.7843475,39.08203,
150,2,2013,0,51.789173,-33.19224,
151,0,2013,0,2.9743676,55.88491,
152,0,2013,1,6.508515,31.308609,
153,2,2013,0,41.70433,-30.108723,
154,0,2013,1,-3.248271,58.775925,
155,0,2013,4,-44.525635,-29.388119,
156,0,2013,2,2.4596815,54.962082,
157,0,2013,1,-2.6261883,59.716118,
158,2,2013,2,66.66247,-11.206097,
159,1,2013,1,48.353306,-5.2121773,
160,0,2013,3,9.025987,3.5875895,
161,0,2013,1,-23.767694,26.842003,
162,2,2013,1,34.42656,-40.620205,
163,2,2013,2,49.054516,7.3463964,
164,2,2013,0,34.932537,-17.497314,
165,0,2013,0,-34.15883,-41.34775,
166,2,2013,1,42.26197,-44.3944,
167,2,2013,1,64.88079,6.9229913,
168,2,2013,0,31.612242,-16.26657,
169,0,2013,0,21.956041,25.504444,
170,1,2013,3,46.62584,0.20341432,
171,0,2013,2,-4.5424986,29.81517,
172,0,2013,0,-45.73936,0.928215,
173,2,2013,3,46.385532,8.404578,
174,0,2013,0,35.920395,36.033375,
175,1,2013,9,49.012905,-47.8545,
176,2,2013,0,54.45657,-23.256208,
177,1,2013,0,58.140453,-28.2952,
178,2,2013,0,53.475746,-24.657999,
179,1,2013,2,37.248547,2.0395722,
180,1,2013,1,32.48312,11.688479,
181,0,2013,0,-2.7868807,21.764727,
182,2,2013,1,39.844803,-19.51187,
183,0,2013,2,-11.949382,15.686059,
184,2,2013,3,53.38254,-16.565304,
185,0,2013,0,-73.414955,23.312847,
186,0,2013,0,5.499554,-15.2979965,
187,1,2013,1,43.629513,22.91264,
188,2,2013,3,59.65278,27.97517,
189,0,2013,2,-5.6524916,-48.48533,
190,1,2013,0,45.644753,-8.321737,
191,2,2013,1,39.47133,-38.05066,
192,2,2013,2,40.35818,-19.376354,
193,2,2013,3,73.70446,-0.27689177,
194,1,2013,1,45.234657,15.608431,
195,2,2013,5,49.092766,-24.887453,
196,1,2013,3,58.12269,-35.998596,
197,0,2013,1,-14.48315,66.89855,
198,1,2013,0,43.788563,-51.107162,
199,2,2013,2,67.84278,-28.798021,
200,2,2013,4,41.893063,28.790155,
201,1,2013,2,46.266853,26.477457,
202,1,2013,0,36.068306,-34.61846,
203,2,2013,4,51.310722,-13.293373,
204,1,2013,1,60.51445,-47.32905,
205,1,2013,0,31.640219,-40.401917,
206,1,2013,7,30.496496,-33.100555,
207,1,2013,0,62.34366,-41.350418,
208,1,2013,3,26.520668,-59.477177,
209,1,2013,1,36.184887,26.225517,
210,0,2013,0,-39.061146,11.860141,
211,2,2013,0,15.552542,-22.260735,
212,2,2013,0,72.30618,-3.6317139,
213,1,2013,0,61.732597,-31.881636,
214,1,2013,3,60.6029,-9.556967,
215,1,2013,3,4.166654,-8.845026,
216,2,2013,0,32.37968,-1.3572701,
217,0,2013,1,2.0176985,24.309977,
218,1,2013,0,44.369,-35.19341,
219,1,2013,0,36.169113,-3.4272509,
220,1,2013,7,54.586063,-8.769195,
221,1,2013,1,39.503002,0.15486164,
222,1,2013,3,27.811594,-15.788951,
223,1,2013,1,59.451077,-35.68101,
224,2,2013,1,7.1772037,-42.663696,
225,1,2013,6,53.960045,27.640015,
226,2,2013,3,70.59641,-16.520636,
227,1,2013,6,54.839924,25.066149,
228,0,2013,0,35.25376,-14.789307,
229,2,2013,1,12.383555,39.254738,
230,2,2013,1,20.820747,-36.779297,
231,2,2013,1,-15.743504,-47.76961,
232,2,2013,1,56.531208,13.781698,
233,2,2013,3,73.82871,-7.678319,
234,2,2012,0,56.460857,-21.757948,
235,2,2012,0,69.13591,12.187993,
236,2,2012,0,65.20191,11.654261,
237,2,2012,3,45.534676,-22.227451,
238,2,2012,4,72.949585,-10.344295,
239,2,2012,5,72.010925,-5.5454316,
240,2,2012,7,71.27715,-30.26374,
241,2,2012,2,42.810516,-31.508793,
242,2,2012,1,42.042942,5.0610976,
243,2,2012,0,33.677147,-7.0081873,
244,2,2012,5,36.515495,-8.702144,
245,2,2012,19,32.738132,-3.6064377,
246,2,2012,0,75.83481,-16.412516,
247,2,2012,0,35.224056,-35.591885,
248,2,2012,4,12.834387,22.04174,
249,2,2012,2,74.75657,-6.269919,
250,2,2012,9,27.755405,-33.291195,
251,2,2012,1,50.81517,-9.422152,
252,2,2012,1,75.36939,-4.2245235,
253,2,2012,1,26.372572,39.59584,
254,2,2012,3,42.7841,-20.63087,
255,2,2012,0,75.916275,-11.382708,
256,2,2012,2,29.849089,-19.077854,
257,2,2012,1,38.284386,-17.431131,
258,2,2012,1,76.368805,-24.022394,
259,2,2012,1,75.172424,-10.611618,
260,2,2012,0,58.946186,-19.179052,
261,2,2012,3,52.444645,-25.221668,
262,2,2012,5,50.14898,14.479009,
263,2,2012,5,51.85475,-16.742067,
264,2,2012,1,30.696238,-4.5875244,
265,2,2012,3,21.797258,5.43078,
266,2,2012,5,69.471085,-8.930565,
267,2,2012,4,44.052666,27.50996,
268,2,2012,1,71.58804,11.249948,
269,2,2012,5,53.219078,33.420696,
270,2,2012,1,9.318285,-46.53618,
271,2,2012,1,65.45559,-12.791534,
272,2,2012,4,68.67131,-28.63579,
273,2,2012,2,66.74092,-8.176653,
274,2,2012,1,37.451546,12.767347,
275,2,2012,2,15.411165,-27.79716,
276,2,2012,0,-6.237442,-46.493614,
277,2,2012,8,52.010384,-5.6674333,
278,0,2012,1,-16.080791,-45.21949,
279,0,2012,0,-49.054028,-3.244461,
280,0,2012,0,-19.51698,16.077435,
281,0,2012,2,12.946874,0.93128455,
282,0,2012,1,-52.14072,35.62242,
283,0,2012,0,-23.224812,48.333885,
284,0,2012,1,-1.972634,28.086859,
285,0,2012,1,1.2295862,64.8402,
286,0,2012,0,-31.930967,-40.16476,
287,0,2012,0,-69.10905,3.6988862,
288,0,2012,3,-25.1238,23.85576,
289,0,2012,0,-37.26424,-36.113266,
290,0,2012,0,-6.901081,62.178463,
291,0,2012,0,-37.67749,-26.517954,
292,0,2012,1,-27.180845,-54.060913,
293,0,2012,0,-69.56341,2.8118455,
294,0,2012,1,33.466244,10.738464,
295,0,2012,2,-9.6440935,-49.777287,
296,0,2012,1,-35.143307,10.473997,
297,0,2012,3,-16.214844,-35.810722,
298,0,2012,2,-28.51627,-44.87432,
299,0,2012,2,-20.857317,15.320636,
300,0,2012,2,-16.862259,-44.149464,
302,0,2012,4,13.140395,12.511829,
303,0,2012,1,-16.605846,25.43484,
304,0,2012,0,-5.16882,66.94966,
305,0,2012,0,-13.233487,-33.192856,
306,0,2012,1,-21.528013,2.9471557,
307,0,2012,0,-48.46228,-14.336572,
308,0,2012,1,7.844786,3.5668783,
309,0,2012,1,-11.955953,15.514436,
310,0,2012,0,-20.93513,-21.132504,
311,0,2012,0,-51.14808,33.758854,
313,0,2012,1,17.363623,-1.5363442,
314,0,2012,0,-20.942003,-0.780528,
315,0,2012,0,-24.535084,18.616539,
316,0,2012,0,-6.4702764,67.16269,
317,0,2012,1,3.4074721,-57.0267,
318,0,2012,0,-28.722855,28.182299,
319,0,2012,3,-28.060768,-53.598877,
320,1,2012,0,17.29021,-6.117018,
321,1,2012,1,62.724094,-48.99818,
322,1,2012,3,67.47132,-43.405575,
323,1,2012,2,62.927944,-43.53073,
324,1,2012,2,32.862137,-10.664019,
325,1,2012,1,29.271809,-47.054928,
326,1,2012,5,59.037373,-3.8975933,
327,1,2012,2,70.14627,-36.014023,
328,1,2012,2,36.37454,-34.090645,
329,1,2012,6,54.141144,0.8184716,
330,1,2012,0,62.804703,-0.8414325,
331,1,2012,6,50.005142,-10.402673,
332,1,2012,14,57.008667,-36.111065,
333,1,2012,1,45.31333,3.8569472,
334,1,2012,3,43.406834,-8.1980505,
335,1,2012,1,42.34412,-51.573944,
336,1,2012,2,45.196674,0.45418143,
337,1,2012,2,49.428825,-18.283949,
338,1,2012,3,54.566357,0.9903604,
339,1,2012,1,74.68662,-32.34684,
340,1,2012,3,63.182945,-19.309618,
363,1,2012,2,68.92846,-18.929222,
364,1,2012,2,19.595352,-32.695953,
365,1,2012,1,38.853085,-6.4599166,
366,1,2012,1,-28.73569,-51.627586,
367,1,2012,3,35.369682,23.150175,
368,1,2012,6,44.3358,17.84821,
369,1,2012,0,22.71701,-41.035057,
370,1,2012,4,62.44589,-41.021885,
372,2,2011,3,50.803642,-25.489689,
373,2,2011,0,25.076735,-3.219205,
374,2,2011,0,24.10869,1.1134721,
375,2,2011,4,48.60066,-26.254595,
376,2,2011,2,31.10525,-1.0108961,
377,2,2011,4,28.887774,40.391586,
378,2,2011,7,71.43151,-10.094704,
379,2,2011,0,18.440302,31.01152,
380,2,2011,6,47.596306,35.2123,
381,2,2011,7,51.61461,-18.67718,
382,2,2011,4,44.77721,20.94212,
383,2,2011,10,27.718946,-7.960551,
384,2,2011,27,42.72828,-4.071972,
385,2,2011,6,74.248215,-0.78761584,
386,2,2011,1,35.2405,-7.406394,
387,2,2011,4,44.21675,7.21862,
388,2,2011,2,36.202423,-7.811891,
389,2,2011,2,67.940735,13.073532,
390,2,2011,3,4.22948,20.712671,
391,2,2011,5,36.601727,-36.1745,
392,2,2011,3,50.09205,-18.110598,
393,2,2011,2,73.47324,-23.235697,
394,2,2011,3,62.666893,13.248653,
395,2,2011,6,27.664503,-16.611717,
396,2,2011,3,55.66594,28.481983,
397,2,2011,1,13.352751,-15.464073,
398,2,2011,9,73.973564,6.2793036,
399,2,2011,0,41.0798,-55.183685,
400,2,2011,4,64.51909,9.157447,
401,2,2011,4,39.81311,-50.412956,
402,2,2011,1,35.900837,-15.391442,
403,2,2011,5,32.854916,-39.140423,
404,2,2011,1,40.937206,-31.91715,
405,2,2011,6,46.944923,-12.728378,
406,2,2011,0,32.33664,-20.889887,
407,2,2011,6,35.552937,-17.90878,
408,2,2011,0,40.153534,-11.059256,
409,2,2011,1,43.777046,-50.800217,
410,2,2011,19,59.965176,-14.204796,
411,2,2011,3,32.665615,-14.540194,
412,2,2011,3,41.490334,5.801511,
413,2,2011,5,68.744606,-25.580345,
414,2,2011,3,45.434406,-9.419967,
415,2,2011,4,50.865093,-13.136557,
416,0,2011,2,2.2174957,65.00558,
417,0,2011,4,-18.837791,16.411047,
418,0,2011,0,-44.021973,25.791496,
419,0,2011,0,-17.764505,-47.23137,
420,0,2011,0,6.334515,39.05909,
421,0,2011,0,-49.39897,-24.7405,
422,0,2011,1,-12.387089,57.33699,
423,0,2011,2,8.48209,40.183052,
424,0,2011,2,-29.941767,-43.035484,
425,0,2011,0,-10.806384,-37.444298,
426,0,2011,0,6.0267916,32.23109,
427,0,2011,0,-38.308556,-14.79453,
428,0,2011,1,-2.8263726,39.477257,
429,0,2011,1,-9.536863,-50.188698,
430,0,2011,5,-23.958452,17.650095,
431,0,2011,2,-23.837122,22.680063,
432,0,2011,0,-33.357708,-30.926525,
433,0,2011,4,32.316025,31.30147,
434,0,2011,0,-39.22908,-39.451916,
435,0,2011,3,-70.25645,1.5809171,
436,0,2011,0,-39.263054,-20.718756,
437,0,2011,1,33.904984,25.849348,
438,0,2011,4,-20.554071,16.934008,
439,0,2011,0,-45.489185,32.409008,
440,0,2011,1,0.78457785,64.872345,
441,0,2011,2,-48.790718,-1.2380306,
442,0,2011,1,27.245005,2.09222,
443,0,2011,3,-22.860762,-38.357933,
444,0,2011,2,-4.357066,60.183628,
445,0,2011,1,-24.647697,-55.38698,
446,0,2011,3,7.088427,-41.1932,
447,0,2011,0,-37.439655,-40.027042,
448,0,2011,0,-39.943462,4.345576,
449,0,2011,3,-27.470207,-46.261387,
450,0,2011,1,3.2864242,29.921772,
451,0,2011,2,1.9442267,46.48205,
452,0,2011,2,2.6763346,-48.361603,
453,0,2011,2,-27.002522,-30.396599,
454,0,2011,4,-16.084229,-33.92005,
455,0,2011,0,-9.741959,-36.679035,
456,0,2011,2,3.3500836,-4.3327627,
457,0,2011,9,4.6901565,-11.167452,
458,0,2011,2,-40.874855,38.38909,
459,0,2011,0,-27.964905,3.050264,
460,0,2011,0,-23.430153,63.391514,
461,0,2011,2,-35.545776,-35.38034,
462,0,2011,2,-3.3369935,28.474533,
463,0,2011,1,-5.057812,54.3565,
464,0,2011,2,-21.980371,19.356195,
467,1,2011,1,63.39974,-26.614305,
468,1,2011,2,49.60793,-3.522321,
469,1,2011,0,-29.753262,-15.407544,
471,1,2011,1,61.0499,-19.127998,
475,1,2011,6,28.008266,-35.334934,
476,1,2011,6,60.48657,-44.19485,
483,1,2011,6,53.060825,28.326715,
484,1,2011,1,56.7045,14.243974,
486,1,2011,6,55.963654,3.8452418,
488,1,2011,2,64.433556,-35.19308,
490,1,2011,1,73.24158,-32.18469,
491,1,2011,7,22.565048,-16.046064,
496,1,2011,6,35.72268,6.6657915,
497,1,2011,11,57.717575,-36.43772,
498,1,2011,1,38.481487,-3.927803,
499,1,2011,1,37.358547,4.0985913,
500,1,2011,7,47.32716,-47.54542,
501,1,2011,2,44.85836,1.9982219,
503,1,2011,2,53.73525,7.484636,
507,1,2011,2,55.669506,22.862381,
509,1,2011,6,36.588146,21.538006,
510,1,2011,3,60.34034,-46.194763,
513,1,2011,6,53.552795,30.008617,
514,1,2011,2,22.61083,-53.32597,
516,1,2011,4,7.9210486,1.6377325,
519,1,2011,2,30.011045,-4.5461245,
521,2,2010,2,26.49368,-59.517006,
522,2,2010,10,54.804848,-10.977974,
523,2,2010,4,5.84159,-9.544665,
524,2,2010,10,19.917557,-61.1761,
525,2,2010,6,-8.889835,-16.570318,
526,2,2010,2,34.25108,-34.100277,
527,2,2010,1,37.571842,-7.4386554,
528,2,2010,7,61.28105,-3.612149,
529,2,2010,3,32.368015,-21.421633,
530,2,2010,3,27.458742,40.050426,
531,2,2010,5,35.75654,35.367252,
532,2,2010,1,28.510351,2.9361374,
533,2,2010,7,54.523006,-26.735727,
534,2,2010,2,27.522358,-8.7763195,
535,2,2010,1,73.76608,-22.306446,
536,2,2010,4,22.1344,8.904829,
537,2,2010,10,76.38818,-13.562047,
538,2,2010,1,13.121793,7.0705338,
539,2,2010,12,64.627785,-25.480343,
540,2,2010,3,64.40658,12.301141,
541,2,2010,6,57.462852,-6.0863256,
542,2,2010,11,46.527306,6.234437,
543,2,2010,0,32.529152,-23.769775,
544,2,2010,8,72.17722,-13.1347275,
545,2,2010,6,71.101746,10.276171,
546,2,2010,5,-6.7069883,-20.230825,
547,2,2010,6,55.83948,-15.171257,
548,2,2010,2,53.04854,-2.4764283,
549,2,2010,4,26.856373,-13.233476,
550,2,2010,3,37.79623,-0.7474842,
551,2,2010,3,39.839516,-39.561035,
552,2,2010,6,70.88891,-1.2644826,
553,2,2010,3,3.8220608,-56.73929,
554,2,2010,0,25.651371,-23.816315,
555,2,2010,0,54.603657,-51.683582,
556,0,2010,0,10.483028,-13.294162,
557,0,2010,0,1.9877713,9.176697,
558,0,2010,5,-6.895763,50.728603,
559,0,2010,8,-31.296448,-45.402077,
560,0,2010,2,-24.686056,63.84514,
561,0,2010,1,-0.6238891,25.962137,
562,0,2010,1,75.84993,-29.190292,
563,0,2010,1,-11.578198,-37.468594,
564,0,2010,2,-43.247383,11.361386,
565,0,2010,1,-37.680473,-31.999462,
566,0,2010,0,-35.035976,-40.709377,
567,0,2010,1,-53.71582,-1.4302176,
568,0,2010,1,-17.523733,24.822128,
569,0,2010,0,-24.550846,-36.809814,
570,0,2010,5,5.321072,28.966057,
571,0,2010,0,-38.77715,8.346452,
572,0,2010,2,-5.4018555,67.69428,
573,0,2010,2,-26.553041,-54.540306,
574,0,2010,0,-38.633884,4.6962132,
575,0,2010,8,-20.880135,56.215508,
576,0,2010,0,-49.344925,34.260056,
577,0,2010,1,-8.693586,63.73151,
578,0,2010,4,-14.0165615,59.74391,
579,0,2010,5,16.218082,-5.5532765,
580,0,2010,0,-24.23419,-1.3496326,
581,0,2010,4,-6.4872484,62.916176,
582,0,2010,7,9.986757,53.773468,
583,0,2010,2,-34.91294,-34.280373,
584,0,2010,1,-35.829113,36.978863,
585,0,2010,0,4.018478,11.012045,
586,0,2010,14,5.1114817,-4.6134496,
587,0,2010,1,-49.070766,-16.402704,
588,0,2010,1,-31.959051,-40.181118,
589,0,2010,0,-17.313404,0.1283286,
590,0,2010,2,-8.239357,59.853123,
591,0,2010,5,-8.085843,35.8707,
592,0,2010,2,6.2170634,35.36166,
593,0,2010,1,5.991207,5.756275,
594,0,2010,3,39.795578,-52.87097,
595,0,2010,3,-29.14474,-27.172525,
596,0,2010,1,-37.421375,8.786013,
597,0,2010,3,-2.7225378,51.57631,
598,0,2010,6,-12.326621,-37.513474,
599,0,2010,4,4.3736215,0.79569936,
600,0,2010,1,-52.460823,-5.789944,
601,0,2010,3,1.4199864,27.33269,
602,0,2010,0,-36.405704,16.27147,
603,0,2010,17,11.312156,0.15982315,
604,1,2010,7,41.309704,0.5520444,
605,1,2010,7,51.52201,-1.878982,
606,1,2010,4,40.992825,-35.04951,
607,1,2010,8,55.221657,12.519716,
608,1,2010,2,49.62234,-12.568991,
609,1,2010,3,53.637566,7.311771,
610,1,2010,2,52.226414,25.253233,
611,1,2010,2,44.471672,21.428074,
612,1,2010,1,26.891666,18.524338,
613,1,2010,2,62.735962,-7.270665,
614,1,2010,4,12.955934,-22.104261,
615,1,2010,4,-9.148493,-38.432842,
616,1,2010,10,60.176888,3.0599198,
617,1,2010,1,57.33446,-50.075924,
618,1,2010,3,56.728104,-10.657896,
619,1,2010,2,60.120106,-1.1116227,
620,1,2010,4,57.131054,16.697374,
621,1,2010,1,12.5745,-0.0699316,
623,1,2010,3,73.458755,-27.984037,
624,1,2010,2,32.59415,-29.96827,
625,1,2010,2,62.673203,-31.47377,
626,1,2010,4,56.93915,-44.922993,
627,1,2010,2,68.896255,-35.090057,
628,1,2010,1,73.526634,-33.10458,
629,1,2010,2,63.841278,-35.308643,
651,2,2009,4,14.192192,11.163298,
652,2,2009,3,75.56393,-10.674966,
653,2,2009,4,-17.0836,-28.864965,
654,2,2009,23,25.524548,25.23142,
655,2,2009,4,32.766045,-1.6444558,
656,2,2009,7,33.023926,-33.668556,
657,2,2009,18,73.87404,-3.9544096,
658,2,2009,4,65.586464,-19.41924,
659,2,2009,2,41.03289,-44.012444,
660,2,2009,13,75.964966,-34.88141,
661,2,2009,0,49.331055,18.157179,
662,2,2009,1,41.74246,-11.672911,
663,2,2009,4,63.535892,-25.871017,
664,2,2009,6,44.966293,-51.86759,
665,2,2009,4,33.877003,-12.937232,
666,2,2009,6,50.02481,28.941566,
667,2,2009,1,41.8236,-3.1723082,
668,2,2009,3,54.782715,-51.511436,
669,2,2009,4,29.362652,-20.979204,
670,2,2009,15,53.77511,11.805746,
671,2,2009,3,54.96757,-43.817867,
672,2,2009,4,58.76371,-0.23521,
673,2,2009,13,38.39351,21.282448,
674,2,2009,9,59.94627,-14.764614,
675,2,2009,13,57.354095,-26.955387,
676,2,2009,3,60.464966,-19.398409,
677,2,2009,9,25.065996,-1.5300729,
678,2,2009,3,82.15757,-17.503294,
679,2,2009,3,23.726616,-32.525074,
680,2,2009,3,61.615963,19.832926,
681,2,2009,0,69.78338,-13.847696,
682,2,2009,4,64.818756,-15.987153,
683,2,2009,0,59.38848,-42.396687,
684,2,2009,2,-10.97063,-17.043474,
685,2,2009,2,13.906373,-26.825628,
687,2,2009,0,66.82772,-3.2031536,
688,0,2009,4,-53.63522,7.90401,
689,0,2009,2,-16.94875,-47.372044,
690,0,2009,7,21.950356,10.582278,
691,0,2009,0,-38.135044,-39.3896,
692,0,2009,2,-44.982685,-29.562447,
693,0,2009,2,-12.170131,-34.682533,
694,0,2009,7,-28.526726,-40.083546,
695,0,2009,6,-48.97255,-32.64678,
696,0,2009,3,2.0971906,11.36119,
697,0,2009,2,24.597424,39.196102,
698,0,2009,9,-44.74794,56.3823,
699,0,2009,7,-34.717712,-30.359653,
700,0,2009,4,2.8197446,26.419926,
701,0,2009,0,-17.275494,15.245632,
702,0,2009,9,-9.929103,21.76546,
703,0,2009,3,-52.88376,7.6693816,
704,0,2009,2,-24.60045,1.7924669,
705,0,2009,0,12.617926,-13.080795,
706,0,2009,0,-15.475627,28.120047,
707,0,2009,4,-44.813282,3.3682756,
708,0,2009,3,-18.049606,-45.342957,
709,0,2009,4,35.00367,-1.1294907,
710,0,2009,7,-7.9122553,62.274174,
711,0,2009,4,12.919365,-4.27793,
712,0,2009,1,-7.8963523,-54.53641,
713,0,2009,4,-4.9733605,28.463888,
714,0,2009,0,-3.5568848,34.051674,
715,0,2009,2,10.666186,39.064106,
716,0,2009,0,-65.56404,-10.40543,
717,0,2009,1,13.389911,12.129677,
718,0,2009,3,-16.938316,-33.883644,
719,0,2009,1,-21.424797,14.556446,
720,0,2009,0,2.155724,10.238742,
721,0,2009,0,-45.983387,19.570976,
722,0,2009,4,4.4414945,22.140476,
723,0,2009,1,-38.503014,-42.163803,
724,0,2009,4,-22.220623,-43.35031,
725,0,2009,0,-37.958996,45.695316,
726,0,2009,0,-11.453017,-44.507378,
727,0,2009,5,-19.839186,-24.463135,
728,0,2009,1,-25.702562,8.044351,
729,0,2009,2,-4.3050075,40.315697,
730,0,2009,4,-28.490526,-38.541878,
731,0,2009,0,-63.882675,9.212508,
732,0,2009,7,-24.982805,-38.30584,
733,0,2009,8,-9.983419,61.42543,
734,0,2009,3,-36.58466,11.044835,
735,0,2009,2,6.812572,-42.340107,
736,0,2009,4,-37.464375,33.56492,
737,0,2009,1,17.105486,6.6044793,
738,0,2009,9,15.27388,0.38473055,
739,0,2009,3,6.460428,-2.8800995,
740,0,2009,0,9.689883,24.53869,
741,0,2009,3,-69.0816,-9.677931,
742,1,2009,5,31.66556,-45.88776,
743,1,2009,8,51.785446,32.889984,
744,1,2009,4,61.927418,-30.699356,
745,1,2009,2,31.570744,-30.369112,
746,1,2009,1,16.047112,-26.224892,
747,1,2009,0,6.749081,-27.352137,
748,1,2009,9,47.837635,11.346454,
749,1,2009,13,48.176712,3.1510365,
750,1,2009,6,56.276447,11.879923,
751,1,2009,4,46.826866,-3.4856155,
752,1,2009,2,47.5428,-47.577045,
753,1,2009,10,62.565235,-2.9941597,
754,1,2009,5,55.844646,-10.931933,
755,1,2009,1,62.289494,-2.116821,
756,1,2009,2,57.448887,-50.035908,
757,1,2009,4,62.30173,-47.51758,
758,1,2009,7,71.0452,-33.304825,
759,1,2009,9,64.43609,-40.835037,
760,1,2009,1,62.460697,-8.046955,
761,1,2009,2,31.28238,-11.175972,
762,1,2009,2,-58.632183,22.849415,
763,1,2009,0,6.2412987,-15.384726,
764,1,2009,1,24.221058,0.49116132,
765,1,2009,4,56.710697,-5.830751,
766,1,2009,2,35.551147,-37.468822,
767,1,2009,3,-8.413633,-37.969887,
799,2,2008,11,40.085884,-22.949362,
800,2,2008,2,21.843515,-16.35462,
801,2,2008,4,26.793535,38.29527,
802,2,2008,13,65.83273,-35.016937,
803,2,2008,18,33.448296,12.780964,
804,2,2008,3,75.60373,-23.96667,
805,2,2008,1,6.540709,-35.03634,
806,2,2008,3,67.42685,-3.2737527,
807,2,2008,15,36.436726,-15.484508,
808,2,2008,17,66.4487,-28.512533,
809,2,2008,5,40.65609,-54.240097,
810,2,2008,5,31.046158,-6.208363,
811,2,2008,6,75.432236,-1.5523063,
812,2,2008,2,53.13863,30.634815,
813,2,2008,0,31.786901,-11.633434,
814,2,2008,0,-34.609684,-22.055803,
815,2,2008,7,77.14397,-11.12548,
816,2,2008,1,33.833096,-24.630934,
817,2,2008,25,71.280914,-3.2491736,
818,2,2008,9,61.761654,10.466503,
819,2,2008,16,55.70008,-17.913334,
820,2,2008,7,68.12133,-33.63579,
821,2,2008,11,63.582645,-4.3388157,
822,2,2008,9,63.733593,1.8727808,
823,2,2008,0,33.811222,9.4259815,
824,2,2008,2,53.480164,-16.157146,
825,2,2008,2,34.14085,23.991615,
826,2,2008,1,28.767187,12.199221,
827,0,2008,2,-16.396568,16.146994,
828,0,2008,7,-15.198081,-34.594738,
829,0,2008,0,-3.2524784,9.747197,
830,0,2008,2,-17.948938,-46.040794,
831,0,2008,1,-39.386192,4.945241,
832,0,2008,10,-36.251225,58.386486,
833,0,2008,6,-19.569328,-45.340405,
834,0,2008,12,-38.957943,-32.563946,
835,0,2008,2,-20.597506,7.0960345,
836,0,2008,0,-39.514637,19.134523,
837,0,2008,1,-7.66251,20.47049,
838,0,2008,2,11.873999,-13.247917,
839,0,2008,0,29.838411,27.675875,
840,0,2008,1,-7.436891,47.04825,
841,0,2008,7,24.045094,2.7183554,
842,0,2008,3,68.237854,14.4355755,
843,0,2008,11,-6.059748,68.43502,
844,0,2008,3,9.398025,38.751633,
845,0,2008,1,10.309061,22.217968,
846,0,2008,9,17.338638,3.5972495,
847,0,2008,9,7.084259,-1.5365487,
848,0,2008,0,-53.08245,2.5651588,
849,0,2008,7,-27.078419,27.9399,
850,0,2008,6,13.132158,-1.3184941,
851,0,2008,1,-26.46285,-0.5885933,
852,0,2008,5,-36.683064,-40.57385,
853,0,2008,3,-23.237345,51.193905,
854,0,2008,0,-29.434479,12.632794,
855,0,2008,1,-38.05636,23.484669,
856,0,2008,1,-30.072071,24.252962,
857,0,2008,2,40.063206,16.777496,
858,0,2008,6,-35.409866,-32.536415,
859,0,2008,1,-34.845913,-14.539923,
860,0,2008,12,-28.142998,-37.408665,
861,0,2008,8,-6.2179313,65.8298,
862,0,2008,2,-34.030235,24.498331,
863,0,2008,3,20.956017,7.535852,
864,0,2008,0,-61.94479,0.90149355,
865,0,2008,1,-39.2446,-26.025074,
866,0,2008,2,-47.543423,-15.475093,
867,0,2008,2,43.60987,-35.923283,
868,0,2008,1,-2.6617115,-19.14569,
869,0,2008,0,-48.80329,19.45494,
870,0,2008,0,-22.38614,1.2884291,
871,0,2008,1,-4.785069,23.352095,
872,0,2008,0,8.104089,22.382246,
873,0,2008,1,-24.45005,0.6450918,
874,0,2008,0,-4.6101847,59.524418,
875,0,2008,2,-52.95508,-17.646072,
876,0,2008,4,-45.630646,4.7492537,
877,1,2008,8,40.875923,33.99198,
879,1,2008,5,27.516052,19.279747,
880,1,2008,1,32.557133,20.181683,
881,1,2008,2,-48.734253,-33.60465,
882,1,2008,0,21.758856,-32.838528,
883,1,2008,8,44.541443,18.933481,
884,1,2008,3,29.41816,22.353155,
885,1,2008,12,59.705788,-42.378963,
886,1,2008,1,63.44743,0.17970605,
887,1,2008,3,64.18062,-41.01203,
888,1,2008,6,71.22486,-35.724476,
889,1,2008,8,63.151447,-45.353012,
890,1,2008,5,47.210354,-3.9186828,
891,1,2008,4,58.24536,-12.919797,
892,1,2008,16,64.47784,-31.35874,
893,1,2008,3,-1.6192104,-28.21329,
894,1,2008,0,30.729887,-44.750317,
895,1,2008,5,52.308838,6.915906,
896,1,2008,1,50.6772,-3.2503583,
897,1,2008,3,47.057205,19.11139,
922,2,2007,20,46.975143,-32.04525,
923,2,2007,1,21.845882,-35.42392,
924,2,2007,26,68.94591,6.4166946,
925,2,2007,1,40.910233,-29.142725,
926,2,2007,19,72.56882,-21.121546,
927,2,2007,3,19.985588,-61.12298,
928,2,2007,2,50.47262,32.505463,
929,2,2007,3,72.6258,8.04758,
930,2,2007,9,59.699127,-40.33825,
931,2,2007,4,51.87359,27.293854,
932,2,2007,6,50.63742,31.136055,
933,2,2007,45,4.4555545,-43.752773,
934,2,2007,8,26.523232,-23.451183,
935,2,2007,26,35.929268,-11.203608,
936,2,2007,7,44.606503,-18.207495,
937,2,2007,12,70.343666,13.557759,
938,2,2007,1,26.18521,16.11637,
939,2,2007,18,58.000492,-41.723583,
940,2,2007,4,40.38998,-44.289307,
941,2,2007,29,79.05276,-32.20948,
942,2,2007,15,25.068705,30.381063,
943,2,2007,3,59.039078,15.094553,
944,2,2007,4,30.945463,10.683837,
945,2,2007,0,12.294778,37.357483,
946,2,2007,10,61.05115,10.146679,
947,2,2007,8,45.842415,25.133556,
948,2,2007,10,-7.733892,-45.53555,
949,0,2007,0,-29.087765,13.146655,
950,0,2007,0,3.179636,8.702564,
951,0,2007,0,-38.732376,-25.811527,
952,0,2007,2,-21.75969,-47.804955,
953,0,2007,1,-37.795086,26.718992,
954,0,2007,3,29.610703,27.145832,
955,0,2007,5,-15.15641,65.343185,
956,0,2007,6,7.653562,24.279999,
957,0,2007,9,-3.9233603,62.626923,
958,0,2007,4,-73.9224,23.764162,
960,0,2007,7,-6.150148,59.460667,
961,0,2007,6,-9.016355,19.72152,
962,0,2007,5,-18.018936,66.06889,
963,0,2007,1,3.2415664,-50.35016,
964,0,2007,3,-38.699745,-15.134979,
965,0,2007,1,1.6339473,-0.61412215,
966,0,2007,0,-46.61957,-0.30769593,
967,0,2007,0,-4.028076,10.471071,
968,0,2007,6,24.053333,6.712542,
969,0,2007,0,-33.777798,18.741776,
970,0,2007,2,-38.105347,23.259146,
971,0,2007,3,-41.097225,5.2975483,
972,0,2007,1,-3.3247535,10.419715,
973,0,2007,7,-28.474693,-52.33397,
974,0,2007,2,-2.1306005,31.764143,
975,0,2007,2,1.2930603,-6.529916,
976,0,2007,8,-29.820679,28.291338,
977,0,2007,5,10.353459,4.130037,
978,0,2007,9,5.197862,3.630266,
979,0,2007,0,-61.699017,32.981644,
980,0,2007,4,1.3657981,10.228699,
981,0,2007,2,-48.603436,-0.55915225,
982,0,2007,1,-29.995285,-26.448166,
983,0,2007,7,-24.092255,-42.268566,
984,0,2007,3,-16.591146,27.38156,
985,0,2007,4,-9.011255,51.08999,
986,0,2007,0,-14.222452,37.854176,
987,0,2007,1,-37.17046,-36.61984,
988,0,2007,1,-32.669952,39.05853,
989,0,2007,0,5.0064244,7.127455,
990,0,2007,2,-3.174329,-19.97356,
991,0,2007,9,-9.673582,-34.671497,
992,0,2007,4,-40.533154,41.977207,
993,0,2007,8,-23.176285,24.80506,
994,0,2007,3,-38.859825,20.386747,
995,0,2007,3,-47.53581,34.13001,
996,0,2007,1,-5.294026,34.02966,
997,0,2007,9,-33.87279,10.486911,
998,0,2007,7,-28.867193,26.519636,
999,0,2007,0,-11.757121,40.631123,
1000,0,2007,5,-21.444273,-19.766298,
1001,0,2007,1,-7.6608214,31.169424,
1002,0,2007,4,-61.21396,-7.0378275,
1003,0,2007,6,-21.000544,1.3513204,
1004,0,2007,4,-12.019578,37.465137,
1005,1,2007,1,32.69322,26.709766,
1006,1,2007,3,31.82084,18.969936,
1007,1,2007,11,65.87575,-30.122066,
1008,1,2007,2,-47.6641,-34.281925,
1009,1,2007,3,35.75489,19.586496,
1011,1,2007,3,31.886278,17.77082,
1012,1,2007,1,33.82506,22.697477,
1013,1,2007,4,29.51251,22.409325,
1014,1,2007,10,31.064524,-45.81341,
1015,1,2007,6,52.56522,-44.49628,
1016,1,2007,4,33.60773,-57.899704,
1017,1,2007,3,39.02569,-55.413406,
1018,1,2007,2,12.468882,-55.38599,
1019,1,2007,6,60.81349,-1.2951252,
1020,1,2007,2,14.138017,-53.131294,
1021,1,2007,50,59.784157,-23.178968,
1022,1,2007,1,40.298546,-24.246738,
1023,1,2007,6,40.264652,13.319626,
1024,1,2007,8,66.39138,-39.60604,
1025,1,2007,1,34.02567,9.187048,
1026,1,2007,9,57.24361,-46.90773,
1027,1,2007,0,55.95399,-6.7296777,
1028,1,2007,9,50.239597,-0.050269656,
1053,2,2006,10,39.15791,-15.502882,
1054,2,2006,13,56.784325,17.608742,
1055,2,2006,0,14.041542,-16.145582,
1056,2,2006,2,-34.70918,-22.147861,
1057,2,2006,11,36.20249,29.015778,
1058,2,2006,5,15.715246,-55.248684,
1059,2,2006,37,27.884588,0.36470437,
1060,2,2006,6,79.97292,-5.341521,
1061,2,2006,13,21.509033,-6.1406245,
1062,2,2006,5,45.6357,-13.282893,
1063,2,2006,10,47.744106,-23.43617,
1064,2,2006,27,58.965023,6.783041,
1065,2,2006,1,26.963633,-25.949366,
1066,2,2006,16,54.961636,-52.952026,
1067,2,2006,2,72.897026,7.6193695,
1068,2,2006,7,20.754915,-22.705671,
1069,2,2006,1,29.287756,-40.232697,
1070,2,2006,5,39.42775,-20.538544,
1071,2,2006,5,26.382826,-32.31189,
1072,2,2006,8,31.581768,-16.500412,
1073,2,2006,0,29.191198,-41.11128,
1074,2,2006,1,62.38636,18.125767,
1075,2,2006,5,27.52316,-44.74787,
1076,2,2006,6,69.44517,10.6166,
1077,0,2006,4,-47.013058,0.05043296,
1078,0,2006,0,16.294651,-43.51447,
1079,0,2006,3,7.199791,31.04486,
1080,0,2006,3,-3.1822538,-3.3977103,
1081,0,2006,0,-7.056227,-14.903103,
1082,0,2006,10,-6.115238,29.581068,
1083,0,2006,5,-9.931549,52.703644,
1084,0,2006,0,15.231733,27.793793,
1085,0,2006,0,-0.22998483,36.29829,
1086,0,2006,0,-10.649641,57.606136,
1087,0,2006,4,2.8524332,11.014159,
1088,0,2006,0,-42.903072,22.577198,
1089,0,2006,9,10.923925,-11.116871,
1090,0,2006,3,-4.3822355,9.836321,
1091,0,2006,0,13.416704,-17.188665,
1092,0,2006,0,-1.116379,-18.80049,
1093,0,2006,2,-1.4697292,17.63714,
1094,0,2006,9,6.5399575,40.972393,
1095,0,2006,0,-51.497402,-11.18365,
1096,0,2006,4,10.731927,41.73506,
1097,0,2006,1,-8.095878,20.695929,
1098,0,2006,7,7.553036,28.351198,
1099,0,2006,2,-40.421608,7.4404874,
1100,0,2006,6,-53.52031,35.372154,
1101,0,2006,4,4.9643064,25.665565,
1102,0,2006,0,-69.60761,-3.8329015,
1103,0,2006,2,-24.222273,-55.55759,
1104,0,2006,12,-30.700508,-39.191334,
1105,0,2006,6,-59.259285,2.609709,
1106,0,2006,1,-48.598328,3.1881716,
1107,0,2006,4,-12.496876,37.073467,
1108,0,2006,15,15.027238,47.621864,
1109,0,2006,0,-60.77052,-9.347109,
1110,0,2006,6,-67.47679,1.5370103,
1111,0,2006,4,-25.38751,1.0359364,
1112,0,2006,0,-64.05743,-10.030047,
1113,0,2006,1,4.849169,37.0145,
1114,0,2006,3,-59.295757,-21.140005,
1115,0,2006,1,-62.721493,31.389193,
1116,0,2006,5,-24.722807,-41.29556,
1117,0,2006,9,-19.799591,-18.534662,
1118,0,2006,2,11.985205,-12.133923,
1119,0,2006,7,-37.259434,-32.16291,
1120,0,2006,0,-64.11758,31.844198,
1121,0,2006,16,22.064054,-2.6883907,
1122,0,2006,5,-76.98166,24.711424,
1123,0,2006,4,-5.6284337,20.697033,
1124,0,2006,1,-37.498737,50.24285,
1125,0,2006,5,-24.714602,-46.85164,
1126,0,2006,1,-37.213833,-4.631091,
1127,0,2006,5,32.563107,20.882711,
1128,0,2006,2,2.696054,-48.054432,
1129,0,2006,3,-3.9306862,17.358389,
1130,0,2006,3,-2.6479483,16.832268,
1131,0,2006,5,2.4869745,-49.56606,
1132,0,2006,13,-34.05901,40.78711,
1133,0,2006,0,-62.07738,-9.288111,
1134,0,2006,0,-16.790482,13.347227,
1135,0,2006,6,32.90634,26.646242,
1136,0,2006,3,-46.303307,-26.105064,
1137,0,2006,5,-16.04459,35.64934,
1138,0,2006,3,-29.39341,39.596397,
1139,0,2006,3,-4.619434,53.935284,
1140,1,2006,4,21.819983,-35.49243,
1141,1,2006,1,-3.7791412,52.620586,
1142,1,2006,3,49.632492,0.15084983,
1143,1,2006,2,50.723534,18.782793,
1144,1,2006,3,40.045918,-5.497447,
1145,1,2006,2,57.466187,15.247428,
1146,1,2006,5,51.706497,-39.76002,
1147,1,2006,5,55.067703,-6.4906917,
1148,1,2006,3,58.89829,-22.690771,
1149,1,2006,2,12.744241,-54.44463,
1150,1,2006,2,35.542625,19.079266,
1151,1,2006,12,31.022034,6.992955,
1152,1,2006,0,38.327576,-53.120506,
1153,1,2006,5,33.724182,-30.151136,
1154,1,2006,4,7.324685,-26.748337,
1155,1,2006,3,38.04097,10.724792,
1156,1,2006,5,56.95668,-47.31063,
1157,1,2006,3,54.698555,-43.70489,
1158,1,2006,6,63.93381,-45.1523,
1161,1,2006,11,32.03107,-32.21057,
1162,1,2006,2,51.955856,-0.8151788,
1163,1,2006,2,45.93325,12.045273,
1164,1,2006,4,42.908813,-26.55224,
1165,1,2006,7,45.36057,4.0152326,
1167,2,2005,10,36.0729,-26.734571,
1170,2,2005,3,35.503765,-21.898539,
1171,2,2005,3,42.0702,10.121095,
1172,2,2005,1,50.700954,-39.39775,
1173,2,2005,18,78.45952,-24.225315,
1174,2,2005,2,79.936165,-5.3758454,
1175,2,2005,5,57.141018,-21.587622,
1176,2,2005,8,50.65865,-32.213493,
1177,2,2005,15,35.693645,-31.418411,
1178,2,2005,27,45.582794,-25.092457,
1179,2,2005,1,34.68035,18.766779,
1180,2,2005,4,5.0238886,-30.515274,
1181,2,2005,6,18.001928,-33.238716,
1182,2,2005,5,30.821335,-24.04914,
1183,2,2005,31,21.473635,-10.083869,
1184,2,2005,2,-5.2474713,-44.62291,
1185,2,2005,9,82.60194,-17.14735,
1186,2,2005,3,39.57253,-14.2054615,
1187,2,2005,17,23.629795,-3.2459595,
1188,2,2005,1,-6.4968777,-45.397446,
1189,2,2005,3,-19.809814,-41.62067,
1190,2,2005,2,64.45309,-19.104387,
1192,2,2005,6,18.838455,-45.931026,
1193,2,2005,5,35.426456,34.68555,
1194,2,2005,7,37.429367,21.487303,
1195,2,2005,6,27.66332,37.359642,
1196,2,2005,4,10.5175295,-38.832855,
1197,2,2005,21,56.51861,19.50605,
1198,2,2005,6,39.20094,-28.509562,
1199,0,2005,3,-12.255501,56.125362,
1200,0,2005,11,-21.649376,26.414673,
1201,0,2005,15,-23.08705,-36.13036,
1202,0,2005,1,3.6267078,14.25348,
1203,0,2005,1,-55.773823,-8.317561,
1204,0,2005,0,-62.379784,22.274178,
1206,0,2005,2,-51.54851,-11.046245,
1207,0,2005,2,-27.78418,21.289831,
1208,0,2005,3,-29.934916,3.7175806,
1209,0,2005,2,-30.230755,-15.971303,
1210,0,2005,5,-52.4314,-9.06796,
1211,0,2005,7,45.313725,-13.409731,
1212,0,2005,5,-51.469856,7.0042305,
1214,0,2005,1,-41.649708,-17.35564,
1215,0,2005,1,-34.654617,-7.777726,
1216,0,2005,1,-9.714366,44.18006,
1217,0,2005,3,-25.68607,64.42263,
1218,0,2005,7,-15.698551,64.05612,
1219,0,2005,0,20.898102,23.036655,
1220,0,2005,2,-50.07185,13.37099,
1221,0,2005,7,-6.7293124,48.095257,
1222,0,2005,6,-8.434086,22.350042,
1223,0,2005,0,-27.63403,-4.8977413,
1224,0,2005,4,-70.262825,2.7783792,
1225,0,2005,1,-59.021637,22.587004,
1226,0,2005,1,-46.268482,2.3771148,
1227,0,2005,2,-3.1587796,-3.405136,
1228,0,2005,0,-31.495691,1.9257921,
1229,0,2005,4,-8.344379,46.592297,
1230,0,2005,3,-12.0000725,41.105095,
1231,0,2005,6,-42.86973,24.857985,
1232,0,2005,7,-42.69032,23.574629,
1233,0,2005,3,-30.912994,-19.944304,
1234,0,2005,4,-75.960045,26.749632,
1235,0,2005,4,46.447525,36.351006,
1236,0,2005,0,-25.022131,-17.11993,
1237,0,2005,0,-39.429153,10.288543,
1238,0,2005,4,-15.725884,25.708212,
1239,0,2005,5,29.158722,28.58207,
1240,0,2005,1,5.358293,6.4730144,
1241,0,2005,1,44.463455,-8.730621,
1242,0,2005,4,-33.234436,43.92246,
1243,0,2005,0,-35.35256,55.644714,
1244,0,2005,4,-3.8407638,9.396105,
1245,0,2005,3,-38.689297,7.404795,
1246,0,2005,1,-2.1936111,36.99901,
1247,0,2005,1,-1.7638471,32.3324,
1248,0,2005,10,-32.358143,6.4795866,
1249,0,2005,0,-61.163616,36.66566,
1250,0,2005,5,-21.758654,-0.5823268,
1251,0,2005,2,-48.453575,-4.443472,
1252,0,2005,3,-42.594116,13.836204,
1254,0,2005,14,-40.495667,-20.486948,
1255,0,2005,6,-9.422096,50.50943,
1256,0,2005,1,-64.90198,36.70684,
1257,0,2005,5,-63.868423,34.191734,
1258,0,2005,1,-35.67321,26.025436,
1259,0,2005,1,4.928932,32.619408,
1260,0,2005,7,-0.21482854,57.993717,
1261,0,2005,4,-9.232264,38.981956,
1262,0,2005,8,15.769612,-17.390373,
1263,0,2005,0,-49.38052,-26.242575,
1264,0,2005,14,25.307997,-46.70968,
1266,0,2005,2,-10.809189,48.61802,
1267,0,2005,14,-14.8888035,-36.637524,
1268,0,2005,0,8.358411,37.802715,
1269,0,2005,2,21.991432,25.914068,
1270,0,2005,18,-32.704956,-46.576736,
1271,0,2005,0,-62.927113,15.835933,
1272,0,2005,15,10.092785,-8.000801,
1273,0,2005,7,-23.93279,57.751232,
1274,0,2005,0,-18.69997,-1.8005301,
1275,0,2005,2,-15.38906,24.668766,
1276,0,2005,5,-40.65452,-2.7697763,
1277,0,2005,4,-56.889126,7.3771963,
1278,0,2005,7,-14.243423,35.527122,
1279,0,2005,3,44.16308,-17.67014,
1280,0,2005,4,-45.409767,22.432045,
1281,0,2005,1,-8.465799,37.01119,
1283,0,2005,5,-42.49718,4.8691545,
1284,0,2005,1,-3.706543,66.80436,
1285,0,2005,3,-49.547054,-14.212568,
1286,0,2005,16,-33.931343,-23.139202,
1288,0,2004,8,-11.625338,35.647404,
1289,2,2004,17,80.57195,-11.804423,
1290,0,2004,1,-31.98437,44.576847,
1291,2,2004,9,40.560604,15.019946,
1292,2,2004,13,50.47816,4.2083397,
1293,0,2004,1,-60.774364,15.154007,
1295,2,2004,5,69.40287,-15.122899,
1297,0,2004,5,-12.003435,39.277695,
1299,2,2004,4,77.72501,-24.303339,
1303,2,2004,12,76.47818,-17.90324,
1306,2,2004,28,42.584003,-1.9109991,
1310,0,2004,1,-31.237701,56.831467,
1311,2,2004,20,48.332726,25.07322,
1313,0,2004,1,-61.16609,5.951818,
1315,0,2004,5,-18.952602,-0.21362014,
1320,0,2004,3,-1.7532693,16.056852,
1321,0,2004,0,-13.452507,-22.564318,
1322,0,2004,2,-31.232092,54.68882,
1325,0,2004,1,8.653113,31.301731,
1326,0,2004,4,-8.455697,68.96076,
1327,2,2004,4,28.528112,-41.112404,
1328,0,2004,3,-61.220867,-7.069968,
1329,2,2004,6,26.07722,-26.346422,
1331,2,2004,4,37.374077,-20.657957,
1334,2,2004,1,23.118477,-42.49918,
1337,0,2004,0,-34.1306,61.143257,
1339,0,2004,1,-28.670689,22.473495,
1340,0,2004,1,-41.817123,-16.896679,
1341,2,2004,21,50.315033,21.572184,
1342,0,2004,2,-1.9120162,32.382687,
1343,0,2004,0,-17.378853,6.019187,
1344,0,2004,2,-35.020912,-2.890313,
1348,0,2004,2,-47.39955,-21.371437,
1350,0,2004,13,-29.886362,-21.624956,
1354,0,2004,1,11.522765,-13.294645,
1355,0,2004,1,-43.47227,-4.957825,
1357,0,2004,6,-62.539806,-9.052266,
1361,0,2004,5,-54.755398,-0.5816212,
1362,0,2004,1,4.8177557,31.750834,
1364,2,2004,9,30.50983,-13.411939,
1366,0,2004,0,-15.31527,-18.729778,
1367,0,2004,3,-44.707428,56.385098,
1370,0,2004,6,-14.715554,17.786474,
1371,0,2004,1,-33.19408,-6.665756,
1372,0,2004,8,-23.446417,4.6420116,
1373,0,2004,7,-40.310932,5.777027,
1376,0,2004,4,1.2439728,-5.7432537,
1377,0,2004,1,-26.3612,-16.956911,
1379,2,2004,6,40.183353,-13.002073,
1380,0,2004,3,-39.16026,8.234467,
1381,2,2004,1,25.073898,-10.985408,
1384,2,2004,0,27.236351,-26.160723,
1385,0,2004,0,5.944352,18.260565,
1386,0,2004,0,-11.713764,-42.868942,
1389,0,2004,4,7.3914447,37.102943,
1390,2,2004,1,-12.074966,-48.07802,
1396,0,2004,8,-12.9028845,45.298313,
1397,0,2004,1,14.974867,30.692802,
1398,0,2004,1,18.273426,-6.4214106,
1399,0,2004,8,-44.677254,2.1930125,
1400,0,2004,2,-63.3381,29.342188,
1401,0,2004,1,-35.92808,20.35853,
1403,0,2004,0,-30.442162,45.124138,
1405,2,2004,4,64.039566,17.621248,
1406,0,2004,0,-18.668201,50.952293,
1407,0,2004,4,-69.103546,2.6385934,
1409,2,2004,13,26.141777,10.596717,
1411,0,2004,10,-54.57795,-19.591948,
1413,0,2004,17,-9.861623,-32.168457,
1414,2,2004,10,36.418606,-52.701447,
1415,0,2004,2,-36.507435,-13.265106,
1416,0,2004,6,-15.989305,62.284843,
1417,0,2004,0,-18.176954,42.74694,
1418,0,2004,2,-76.08619,24.953754,
1419,0,2004,3,-8.062705,30.243408,
1422,2,2004,24,32.008583,1.9244906,
1423,0,2004,7,6.7961335,21.215181,
1424,2,2004,4,70.22154,-15.797331,
1425,2,2004,19,25.121908,-22.527025,
1426,0,2004,4,-9.171026,46.096085,
1427,0,2004,0,-19.370245,59.49597,
1428,0,2004,7,-21.19545,65.66896,
1430,2,2004,13,32.453594,-43.369232,
1432,2,2004,8,41.8539,-40.98136,
1433,2,2004,11,51.294174,7.8394303,
1437,0,2004,1,-58.54264,-9.756383,
1440,0,2004,4,-6.072812,-15.721451,
1441,0,2004,8,-16.076075,54.49165,
1443,0,2004,0,-18.576828,33.17446,
1450,0,2004,1,0.415092,36.322052,
1452,0,2004,0,-53.996696,-17.680681,
1458,0,2004,0,-22.083416,36.467735,
1459,0,2004,2,-27.149052,58.20748,
1461,0,2003,6,-35.4257,53.05972,
1462,0,2003,1,-20.475702,8.930982,
1463,0,2003,0,-71.61938,19.961632,
1464,0,2003,1,-39.445686,2.0263152,
1465,2,2003,3,27.231821,-10.125545,
1466,0,2003,0,-66.00834,26.123405,
1467,0,2003,11,-28.027431,-36.099174,
1468,0,2003,7,-36.589943,52.664135,
1469,2,2003,2,36.49704,-53.64829,
1470,0,2003,1,2.7293596,-22.812885,
1471,0,2003,1,-66.0249,-12.149695,
1472,0,2003,43,-41.427975,-39.051052,
1473,0,2003,0,-30.893488,-32.35619,
1474,0,2003,8,3.8786833,24.48175,
1475,2,2003,0,19.374886,-18.92126,
1476,0,2003,0,-69.30522,16.570267,
1477,2,2003,1,21.561197,-50.812767,
1478,2,2003,5,73.2229,-22.88138,
1479,2,2003,2,12.690187,37.272915,
1480,0,2003,3,-17.566551,50.956036,
1481,0,2003,5,-28.634638,29.053167,
1482,2,2003,4,48.967815,17.218477,
1483,0,2003,8,-49.468193,33.17277,
1484,2,2003,2,13.188108,-54.408096,
1485,0,2003,1,-14.962216,16.967503,
1486,2,2003,5,2.5638855,-51.06573,
1487,2,2003,3,33.63374,-1.0761414,
1488,0,2003,2,-24.507221,30.196667,
1489,0,2003,29,-44.282417,18.838522,
1490,2,2003,2,-10.25029,-19.731606,
1491,2,2003,1,76.04649,-16.930454,
1493,2,2003,5,36.31767,-57.61884,
1494,2,2003,14,17.807304,-16.089785,
1495,0,2003,10,-8.003053,-45.72914,
1496,2,2003,3,39.827007,-24.701406,
1497,0,2003,4,-30.944304,2.375505,
1499,0,2003,3,4.073005,15.866029,
1500,2,2003,8,30.042578,-41.973278,
1501,0,2003,2,10.864895,30.695473,
1502,0,2003,2,-21.953083,37.40544,
1503,0,2003,3,-24.883333,-36.30725,
1504,0,2003,2,-36.966557,15.93876,
1505,0,2003,1,-70.82767,18.003593,
1506,2,2003,3,16.381586,-21.839754,
1507,0,2003,11,-44.327534,-33.932495,
1508,0,2003,2,-30.205166,12.444984,
1509,0,2003,15,-44.74144,-0.5696125,
1510,0,2003,2,9.315708,22.72294,
1511,0,2003,13,-49.025433,-6.088856,
1512,0,2003,1,-74.42879,27.102531,
1513,0,2003,12,-40.455112,-26.067474,
1514,0,2003,13,-40.031593,-17.315039,
1516,0,2003,3,-35.236507,-14.695781,
1517,0,2003,7,4.8682303,39.605453,
1520,0,2003,6,-19.805265,53.94909,
1521,0,2003,4,-38.218357,50.43698,
1522,2,2003,2,37.370834,-52.626637,
1525,2,2003,1,47.75661,-32.721447,
1526,0,2003,1,-28.560772,35.836266,
1527,0,2003,8,-32.809395,19.885702,
1528,2,2003,17,39.693123,-56.39993,
1530,0,2003,2,-62.926205,28.502258,
1532,0,2003,5,-66.071205,31.858324,
1533,0,2003,3,-15.706201,15.630665,
1534,2,2003,5,83.450516,-16.499384,
1535,0,2003,1,-40.873264,18.343126,
1536,0,2003,5,21.206892,24.28723,
1537,2,2003,5,42.014824,-25.763002,
1538,0,2003,4,-30.049974,-20.572624,
1539,2,2003,12,29.162033,-12.17044,
1540,0,2003,3,-65.985596,-8.629584,
1541,0,2003,2,-18.674587,42.52568,
1542,0,2003,3,-61.59949,19.375214,
1544,0,2003,0,-6.3885903,1.9421228,
1545,0,2003,1,-17.009378,6.3139105,
1546,0,2003,0,-64.12063,19.952187,
1547,0,2003,17,-22.482174,60.28771,
1548,0,2003,1,62.0124,17.517656,
1549,0,2003,3,-35.624165,17.31396,
1550,2,2003,4,12.8010235,41.81776,
1551,0,2003,3,-65.79495,-9.801189,
1554,2,2003,3,54.052883,-10.983588,
1555,0,2003,14,24.199154,30.241129,
1556,2,2003,10,80.66451,-11.856374,
1557,0,2003,9,-16.788853,19.174107,
1558,0,2003,12,31.653555,13.9927225,
1559,0,2003,0,-51.12546,18.621637,
1560,0,2003,1,-50.516945,16.740816,
1562,2,2003,2,38.1305,-50.547398,
1563,2,2003,2,24.501219,-37.869255,
1565,0,2003,0,-64.9819,8.831006,
1566,0,2003,2,-56.293884,14.814136,
1567,0,2003,0,36.005028,4.180616,
1568,2,2003,1,24.036161,-36.656338,
1569,0,2003,4,-37.630264,-39.178246,
1570,0,2003,0,-30.88442,59.702324,
1571,0,2003,5,-28.652985,22.980476,
1572,0,2003,4,-32.98501,36.95274,
1573,0,2003,1,-13.715802,-23.278502,
1575,0,2002,4,-40.884502,38.435997,
1576,0,2002,0,-2.562578,6.3643804,
1577,0,2002,1,-24.104713,-17.882404,
1578,0,2002,1,-15.222806,-18.704681,
1579,2,2002,8,37.684002,-54.497017,
1580,0,2002,6,0.64680177,-24.224424,
1581,0,2002,1,-66.0968,30.306934,
1582,0,2002,3,-35.470318,-1.908167,
1583,0,2002,0,6.811424,-15.294044,
1584,2,2002,4,34.46846,-26.420914,
1585,2,2002,11,35.63003,-50.393864,
1586,2,2002,20,16.720058,-4.770005,
1587,0,2002,5,-36.76079,20.727633,
1588,2,2002,14,12.294179,-25.313795,
1589,0,2002,0,-8.32956,-26.390156,
1590,2,2002,7,42.023945,-38.183865,
1591,0,2002,1,-8.466991,68.97924,
1592,0,2002,0,-47.884377,-24.372313,
1593,0,2002,4,6.4885516,37.859768,
1594,2,2002,0,0.22676925,-34.979156,
1595,0,2002,0,-18.46176,-20.659954,
1596,0,2002,0,-4.650309,2.884134,
1598,0,2002,1,-34.227962,51.61724,
1599,0,2002,6,-27.160316,1.8857316,
1600,0,2002,2,2.7674265,-22.864117,
1602,0,2002,1,-18.622751,31.113934,
1603,0,2002,0,-23.809383,51.090538,
1604,0,2002,1,-39.450855,57.37306,
1605,2,2002,3,19.340223,-37.293697,
1606,0,2002,1,-56.5701,-9.352477,
1607,0,2002,3,-26.516869,44.09461,
1608,0,2002,1,-55.37814,32.714943,
1609,0,2002,4,-20.710054,65.3066,
1610,0,2002,15,1.6018517,21.812145,
1611,2,2002,0,17.17181,-8.229873,
1612,0,2002,0,-9.21936,8.652051,
1614,2,2002,2,63.17656,17.208906,
1615,0,2002,1,-56.21109,32.596214,
1616,0,2002,7,-18.387161,-35.82122,
1617,0,2002,5,-25.147417,39.817524,
1619,0,2002,4,-55.836063,4.3568115,
1620,0,2002,0,-5.5848603,5.307758,
1621,0,2002,3,-10.23612,-44.997284,
1622,0,2002,2,-33.757523,-6.9627814,
1623,0,2002,3,-62.8837,20.09868,
1624,0,2002,2,-1.3076406,15.458108,
1626,0,2002,6,-34.215343,19.721813,
1627,0,2002,6,-3.7344,52.243454,
1628,2,2002,2,39.904926,-44.534668,
1629,0,2002,0,-64.38224,14.50254,
1630,0,2002,1,-70.43651,25.60294,
1631,0,2002,2,-2.3237383,38.255337,
1632,2,2002,19,19.90811,-22.529245,
1633,0,2002,15,-47.93736,31.09825,
1634,0,2002,0,-32.90217,-32.786114,
1635,0,2002,13,-18.929754,17.754137,
1636,0,2002,4,-62.877537,8.607379,
1637,0,2002,3,25.461727,-31.199516,
1639,2,2002,8,24.38638,-6.954116,
1640,0,2002,2,-13.512743,44.73501,
1641,0,2002,1,-18.624886,54.336853,
1642,0,2002,2,-34.763016,25.042192,
1643,0,2002,11,-13.792783,14.977295,
1644,2,2002,2,29.958523,9.16567,
1645,2,2002,7,52.594563,-52.857143,
1647,0,2002,12,-36.318295,-21.841806,
1648,0,2002,3,-62.212147,26.224215,
1649,0,2002,9,-5.1333222,40.800713,
1650,0,2002,0,-68.05167,29.364294,
1651,0,2002,2,-64.22296,37.40475,
1652,0,2002,1,35.604603,4.1425896,
1653,0,2002,5,4.9137373,53.75405,
1654,2,2002,6,8.701312,-4.330738,
1655,0,2002,1,-62.22096,20.560516,
1656,0,2002,5,-26.106348,0.8746199,
1657,0,2002,6,3.4042873,10.3578205,
1658,0,2002,0,-34.220142,-4.291055,
1659,0,2002,1,-46.339035,19.889145,
1660,0,2002,4,-53.79702,-6.659439,
1661,0,2002,2,-13.636789,-23.260765,
1662,2,2002,22,36.229813,-41.64523,
1663,0,2002,7,-10.352693,41.048584,
1664,0,2002,2,-71.66761,26.130737,
1665,2,2002,0,40.51375,-41.392387,
1666,0,2002,3,-49.94433,19.164593,
1667,2,2002,1,12.149255,-37.72231,
1668,2,2002,10,27.351305,-38.92029,
1669,2,2002,1,12.20864,-39.527966,
1670,2,2002,0,-64.29,13.769619,
1671,2,2002,7,9.909082,53.770756,
1672,0,2002,2,-3.3441284,34.441566,
1673,0,2002,6,-28.283415,13.312781,
1674,0,2002,4,-10.982035,43.75958,
1675,0,2002,0,-60.60543,5.9688177,
1676,0,2002,3,-17.39237,18.868841,
1677,0,2002,5,-63.95376,29.11965,
1678,2,2001,5,40.069332,-40.419155,
1679,2,2001,10,8.346813,-34.297413,
1680,2,2001,7,21.872154,-51.28625,
1681,2,2001,11,28.880705,-26.217999,
1683,2,2001,6,24.365108,-46.840176,
1684,2,2001,1,-48.488785,-34.825455,
1685,2,2001,1,13.405243,-37.0161,
1686,2,2001,1,27.44513,-34.40678,
1687,2,2001,6,31.925241,-51.576218,
1688,2,2001,2,37.89207,-50.294476,
1689,2,2001,1,18.701157,-42.050262,
1691,2,2001,2,17.691633,-18.673395,
1692,2,2001,1,13.422992,-34.25321,
1693,2,2001,1,-5.4166903,1.8920355,
1694,2,2001,6,28.375761,13.608042,
1695,2,2001,9,37.469803,-27.916393,
1696,2,2001,3,4.745758,-29.02902,
1697,2,2001,4,8.501204,-5.317031,
1700,2,2001,5,22.342997,-31.20407,
1701,2,2001,16,16.737629,-9.093348,
1702,0,2001,8,-19.758947,42.55312,
1703,0,2001,9,-30.746027,-9.780854,
1704,0,2001,4,-53.038677,27.088259,
1705,0,2001,7,-38.45277,-21.718264,
1706,0,2001,7,-37.429264,57.387173,
1707,0,2001,0,-19.902527,38.746128,
1708,0,2001,1,63.820732,-19.914711,
1709,0,2001,4,7.742405,13.354377,
1710,0,2001,0,-50.394695,25.469616,
1711,0,2001,9,-40.133953,3.4261982,
1712,0,2001,4,-24.303251,32.686184,
1713,0,2001,0,-21.299376,38.17227,
1714,0,2001,0,-71.027885,19.48686,
1715,0,2001,8,-66.09279,27.82011,
1716,0,2001,10,-66.466515,29.095486,
1718,0,2001,2,4.424569,-50.70265,
1719,0,2001,10,-10.431239,63.500996,
1720,0,2001,7,-24.824202,65.06255,
1721,0,2001,6,5.496572,10.746288,
1722,0,2001,0,5.356116,9.1758585,
1723,0,2001,4,16.64385,31.999279,
1724,0,2001,1,-29.597807,-13.131678,
1725,0,2001,3,-28.537876,-12.771322,
1726,0,2001,1,-27.658781,-5.5229874,
1727,0,2001,3,-47.042385,-3.078731,
1728,0,2001,5,-34.333843,-33.227627,
1729,0,2001,8,-33.698364,-44.14825,
1730,0,2001,4,-32.858223,16.353315,
1731,0,2001,2,-35.18761,16.509207,
1732,0,2001,35,-32.365875,-27.602009,
1733,0,2001,8,-57.19777,-16.84338,
1734,0,2001,3,-67.68068,-7.8318305,
1735,0,2001,2,-46.269238,-5.0938096,
1736,0,2001,0,-23.011972,38.408276,
1737,0,2001,2,-57.219498,7.2312217,
1738,0,2001,0,-41.008724,29.292433,
1739,0,2001,1,-17.154438,8.717587,
1741,0,2001,1,-60.860752,36.108013,
1742,0,2001,1,-5.313069,5.720214,
1743,0,2001,2,-56.564774,15.035684,
1744,0,2001,8,-47.96222,30.902563,
1745,0,2001,4,-63.968506,32.569893,
1746,0,2001,6,-65.157646,17.28388,
1747,0,2001,2,-61.491867,26.646301,
1748,0,2001,0,-66.83271,21.49103,
1749,0,2001,0,-35.492485,4.794609,
1750,0,2001,7,-0.21427779,22.242676,
1751,0,2001,1,-28.444885,-32.23958,
1752,0,2001,10,4.287397,33.32108,
1754,0,2001,0,-42.61218,-4.0574007,
1755,0,2001,1,-18.635334,31.169748,
1757,0,2001,1,-21.765123,8.963606,
1758,0,2001,1,-47.15076,-24.1173,
1759,0,2001,0,-4.6584578,14.719812,
1761,0,2001,2,-51.590702,7.1761556,
1763,0,2001,0,-32.525784,39.312084,
1764,0,2001,3,0.4802245,-2.315287,
1765,0,2001,1,8.860218,39.415,
1766,0,2001,0,-9.045961,39.93732,
1767,0,2001,6,5.98225,18.50929,
1769,0,2001,1,-2.0902262,6.361725,
1774,0,2001,0,-17.342035,-18.369926,
1775,0,2001,1,-24.287838,30.386423,
1776,2,2000,2,38.446106,-38.199703,
1777,2,2000,18,67.1077,-37.113796,
1778,2,2000,1,50.945374,31.780315,
1780,2,2000,2,24.880022,-10.999246,
1781,2,2000,22,48.57269,-34.10254,
1782,2,2000,3,69.25942,11.735503,
1783,2,2000,2,50.291462,-38.919895,
1784,2,2000,3,64.708954,10.353178,
1785,2,2000,1,-32.32468,-45.538536,
1786,2,2000,0,11.928519,-33.02911,
1787,2,2000,2,17.684011,-44.147747,
1788,2,2000,0,-12.385407,27.156408,
1789,2,2000,1,12.43267,-37.401016,
1790,2,2000,46,33.685726,5.463271,
1791,2,2000,0,14.955903,-15.102129,
1792,2,2000,19,12.198043,-56.860577,
1793,2,2000,0,9.559645,-21.951271,
1794,2,2000,2,11.844308,-34.59257,
1795,2,2000,6,17.318054,-51.4883,
1796,0,2000,0,-34.026733,5.46069,
1797,0,2000,1,-37.211105,-13.181632,
1798,0,2000,1,-31.940636,17.640709,
1799,0,2000,1,-31.972088,17.333128,
1800,0,2000,1,40.541325,14.634284,
1801,0,2000,2,-4.411632,-44.65379,
1802,0,2000,4,-7.400877,-23.628817,
1803,0,2000,7,7.09773,50.742085,
1804,0,2000,10,-72.27944,24.907505,
1805,0,2000,2,-61.332016,0.47957525,
1806,0,2000,1,-49.90279,40.98638,
1807,0,2000,21,-48.611927,-9.236779,
1808,0,2000,5,4.291104,9.730008,
1809,0,2000,5,3.0775225,9.509857,
1810,0,2000,3,-18.927736,8.599349,
1811,0,2000,1,-17.443583,6.678436,
1812,0,2000,6,-30.02982,52.514076,
1813,0,2000,8,-37.806347,55.273106,
1814,0,2000,13,-10.515534,53.01205,
1815,0,2000,1,-66.546684,21.77175,
1816,0,2000,2,-16.982851,13.37191,
1817,0,2000,0,-30.78841,-32.422653,
1818,0,2000,38,-37.07591,40.732025,
1819,0,2000,9,-36.619377,-19.198492,
1820,0,2000,4,-33.138634,4.7163343,
1821,0,2000,8,-29.430672,-3.0245123,
1822,0,2000,4,-65.412766,16.417225,
1823,0,2000,0,-51.508526,18.843405,
1825,0,2000,3,-42.836575,-12.445371,
1826,0,2000,12,-61.966564,2.6736555,
1827,0,2000,9,12.466875,30.424576,
1828,0,2000,10,-60.01458,2.4158683,
1829,0,2000,1,-37.576393,26.879013,
1830,0,2000,0,-5.0514107,-8.955842,
1832,0,2000,2,-16.610128,-0.2541733,
1833,0,2000,0,-15.1483345,-2.2815418,
1834,0,2000,4,-54.426502,35.25631,
1835,0,2000,2,5.616269,12.404894,
1836,0,2000,0,-59.947086,29.984264,
1837,0,2000,3,-29.622765,60.07249,
1838,0,2000,0,-31.925486,55.434128,
1839,0,2000,12,-25.626925,61.155293,
1840,0,2000,1,-38.926342,28.245628,
1841,0,2000,1,-50.56625,25.80769,
1843,0,2000,1,-40.072372,30.212044,
1844,0,2000,4,-21.633074,39.174927,
1845,0,2000,2,-23.71745,38.562157,
1846,0,2000,4,-47.591377,18.862755,
1847,0,2000,2,-63.714165,25.66109,
1848,0,2000,0,-8.787096,-2.5942705,
1849,0,2000,1,-46.620102,-4.6509657,
1850,0,2000,1,8.066697,-2.609372,
1851,0,2000,1,-18.420834,-1.8465439,
1852,0,2000,3,-41.842033,-4.2771134,
1854,0,2000,2,-20.396427,10.556093,
1855,0,2000,2,-35.581528,-12.935361,
1856,0,2000,4,-1.1836482,34.975586,
1857,0,2000,3,-1.4004749,37.024677,
1858,0,2000,3,-47.553635,-22.297995,
1859,0,2000,2,-18.185902,-18.654955,
1860,0,2000,1,-31.943336,34.789654,
1861,0,2000,0,-29.999084,57.794983,
1862,0,2000,9,26.324303,7.8983755,
1863,0,2000,2,-2.0922518,-34.091,
1865,0,2000,1,-18.489355,53.753643,
1866,0,2000,0,-1.0126483,2.8317256,
1867,0,2000,0,-0.07744891,-18.21783,
1868,0,2000,4,-23.22239,-19.067078,
1869,2,1999,0,3.1540072,-18.057981,
1870,2,1999,1,14.51423,-15.634872,
1871,2,1999,2,5.17828,-29.623787,
1872,2,1999,0,21.89884,-12.232559,
1873,2,1999,19,48.081444,-16.717875,
1874,2,1999,4,40.52491,-11.458317,
1875,2,1999,17,27.036114,-50.415394,
1876,2,1999,5,68.52624,5.219066,
1877,2,1999,1,27.934818,9.786148,
1878,2,1999,5,29.50636,-44.24987,
1879,2,1999,2,51.90818,18.595253,
1880,2,1999,3,35.236282,-56.912727,
1881,2,1999,7,25.127,-4.5847745,
1882,2,1999,3,21.811026,-43.308163,
1883,2,1999,0,19.899336,1.3067786,
1884,2,1999,0,13.464017,-49.592728,
1885,2,1999,1,17.580494,-43.889164,
1886,2,1999,1,22.730846,-42.38894,
1887,2,1999,3,17.325394,-51.673546,
1888,0,1999,6,-34.707,62.007042,
1889,0,1999,5,-20.020624,-15.114994,
1890,0,1999,12,-31.855255,58.743793,
1891,0,1999,29,39.159866,7.779595,
1892,0,1999,4,-52.20482,38.031784,
1893,0,1999,10,-53.438942,17.45413,
1894,0,1999,3,-56.57312,33.139534,
1895,0,1999,2,-60.325363,35.26898,
1896,0,1999,13,6.641072,-10.097126,
1897,0,1999,2,-29.125368,-3.923567,
1898,0,1999,3,4.030353,-8.466741,
1899,0,1999,2,-19.333698,59.17854,
1900,0,1999,1,-61.68738,27.515179,
1901,0,1999,0,-61.444942,21.953976,
1902,0,1999,3,-60.295887,29.61587,
1903,0,1999,4,-56.875565,-5.5321865,
1904,0,1999,9,-63.82114,-14.973665,
1905,0,1999,2,8.983262,49.106247,
1906,0,1999,9,3.6355605,11.960151,
1907,0,1999,1,-27.928896,11.699027,
1909,0,1999,15,-7.9233127,40.17848,
1910,0,1999,3,-37.02996,37.221363,
1912,0,1999,6,-30.313776,-25.817064,
1913,0,1999,5,4.5935926,7.949639,
1914,0,1999,5,-18.005465,-27.630175,
1915,0,1999,7,-35.947598,49.873135,
1916,0,1999,1,-11.113616,27.594742,
1917,0,1999,15,-6.8225665,42.822147,
1918,0,1999,3,-40.186096,54.629288,
1919,0,1999,22,-21.372028,47.74735,
1920,0,1999,4,-41.692596,49.68941,
1921,0,1999,0,-37.83483,33.62886,
1922,0,1999,0,-56.889957,19.194576,
1923,0,1999,2,-41.84998,-10.780016,
1924,0,1999,1,-74.28689,26.036993,
1925,0,1999,4,-56.359917,31.06183,
1926,0,1999,0,-48.52105,26.506126,
1927,0,1999,5,-28.782454,54.640396,
1928,0,1999,19,-45.262836,-16.621908,
1929,0,1999,3,-37.673275,52.84574,
1930,0,1999,10,-26.078701,63.411846,
1931,0,1999,17,-47.546352,-11.518943,
1932,0,1999,10,-33.32694,2.802626,
1933,0,1999,12,-55.88512,-15.635027,
1934,0,1999,6,-38.471016,-0.31598765,
1935,0,1999,4,-25.4916,8.925648,
1936,0,1999,0,-22.953012,9.988433,
1937,0,1999,5,-33.999996,-9.7113,
1939,0,1999,1,-25.163757,-18.040258,
1940,0,1999,1,-14.800125,59.01589,
1941,0,1999,3,-15.995112,-19.79422,
1942,0,1999,2,-19.269133,30.063345,
1944,0,1999,2,13.94378,6.5675306,
1947,0,1999,1,-68.70298,15.529756,
1949,0,1999,1,-1.3866574,2.821436,
1950,0,1999,1,24.196848,-36.799095,
1951,0,1999,0,-8.942496,-23.889114,
1952,0,1999,2,6.414149,-27.498049,
1954,0,1999,10,-24.549097,-33.04712,
1955,0,1999,3,-31.938774,46.007507,
1956,0,1999,0,-20.011412,-10.509691,
1960,0,1998,2,-21.40934,9.319099,
1962,0,1998,0,-7.8668413,-11.188627,
1963,0,1998,4,-52.82671,18.113785,
1964,0,1998,15,-31.173748,42.352867,
1965,0,1998,0,-52.297115,26.155197,
1966,0,1998,1,-26.01169,-12.719785,
1967,0,1998,2,-31.132063,33.694653,
1968,2,1998,1,12.800034,36.284515,
1969,2,1998,1,40.21859,8.343465,
1970,2,1998,23,6.373714,-22.497808,
1972,0,1998,4,-23.322447,49.278065,
1973,0,1998,1,-40.677517,-10.323666,
1974,2,1998,1,12.963308,-49.06039,
1975,0,1998,4,-9.913871,-48.821568,
1976,2,1998,0,9.468875,-21.376232,
1977,0,1998,3,-34.122276,56.328716,
1979,0,1998,1,-11.90618,27.252354,
1980,0,1998,4,63.25684,18.00924,
1981,0,1998,1,-35.381092,26.659407,
1982,0,1998,3,-58.91547,36.405323,
1983,0,1998,4,-24.637835,44.40832,
1984,0,1998,2,-17.923151,-17.469116,
1985,2,1998,6,10.668016,-33.386715,
1986,0,1998,0,-52.958916,23.65432,
1987,0,1998,8,-60.35917,26.922678,
1988,0,1998,1,-41.108105,-11.991427,
1989,0,1998,8,-33.059814,-0.42611995,
1990,0,1998,2,-23.516836,47.556797,
1991,0,1998,7,-69.27657,31.733736,
1992,0,1998,5,-19.85516,60.656178,
1993,0,1998,4,-69.488014,-14.22367,
1994,2,1998,2,-48.911972,-35.362427,
1995,0,1998,1,-31.771894,45.37462,
1996,0,1998,13,-41.320213,-15.598185,
1997,0,1998,1,-8.698906,30.021212,
1998,0,1998,9,-52.707573,-24.151394,
1999,0,1998,5,-12.825201,54.69223,
2000,0,1998,4,-66.315285,16.383713,
2001,0,1998,6,-16.625675,44.660038,
2002,0,1998,4,-63.19245,15.237612,
2003,0,1998,14,-60.850307,11.8145895,
2004,0,1998,20,-57.421318,-14.534743,
2005,0,1998,5,-24.484625,10.346737,
2006,0,1998,1,-56.594753,19.262663,
2007,0,1998,7,-60.4423,-13.175775,
2008,2,1998,1,20.048452,-28.681562,
2010,0,1998,7,-60.57039,16.618155,
2012,0,1998,0,-23.120495,34.530502,
2013,2,1998,10,12.119647,-53.150963,
2015,0,1998,0,16.333487,30.373812,
2016,0,1998,0,15.881225,29.979197,
2017,0,1998,2,-54.801075,1.0619398,
2018,0,1998,11,-71.289185,28.27814,
2019,0,1998,3,-39.457455,-7.5961375,
2020,0,1998,0,-14.618227,-7.934193,
2021,2,1998,4,27.37683,-41.841713,
2024,0,1998,2,-1.3158063,2.4603739,
2025,0,1998,4,-17.126799,10.061765,
2026,2,1998,26,11.664412,-50.029316,
2027,0,1998,5,-69.01402,24.85742,
2028,0,1998,9,-71.65327,20.53432,
2030,0,1998,21,-60.645382,23.633654,
2032,0,1998,2,-49.332336,26.072613,
2033,0,1998,1,-0.42897403,-34.343227,
2034,2,1998,9,14.301844,-13.504707,
2035,0,1998,6,7.000142,-29.2055,
2036,2,1998,2,10.91095,-47.706497,
2037,0,1998,1,-64.27769,-14.994198,
2038,0,1998,6,23.9685,17.066772,
2039,0,1998,8,-32.313564,37.543354,
2040,2,1998,1,12.45922,-36.40553,
2041,0,1998,15,-54.847893,-5.6864266,
2042,0,1998,0,17.23238,-17.500734,
2043,0,1998,2,-3.4850852,-8.670101,
2045,0,1998,6,-32.408646,-34.701317,
2046,2,1998,3,-2.0255818,-35.258213,
2047,0,1998,0,-38.82205,47.840275,
2048,0,1998,23,-13.544251,41.072094,
2050,0,1998,0,-0.029236166,-19.6809,
2051,0,1998,3,-39.249165,33.89289,
2052,2,1998,3,15.520513,-42.921787,
2054,0,1997,9,-38.14461,6.0263853,
2055,2,1997,9,6.2976646,-18.487766,
2056,0,1997,10,-54.58108,26.33724,
2057,0,1997,1,-4.166386,2.4709518,
2058,0,1997,2,-36.254765,-10.77512,
2060,0,1997,6,-31.456467,-0.27123588,
2061,0,1997,2,-4.084996,23.104174,
2062,0,1997,18,-52.717205,-12.090832,
2063,0,1997,1,-40.99488,-11.351051,
2064,0,1997,0,-0.17061202,-14.848389,
2065,0,1997,2,21.146294,23.016287,
2066,0,1997,4,-59.519222,25.853235,
2067,2,1997,0,28.935062,9.420965,
2068,0,1997,0,-6.7615137,-7.245659,
2069,0,1997,2,-1.164943,-34.497166,
2070,0,1997,0,-18.593868,-9.4134445,
2071,0,1997,2,-9.172551,-3.3300207,
2072,0,1997,1,-40.010326,-8.62844,
2073,0,1997,3,-6.4897914,-15.326105,
2074,0,1997,0,-26.448923,-7.2539597,
2075,0,1997,6,-36.753685,28.429878,
2076,0,1997,4,-11.196799,28.280186,
2077,0,1997,6,-49.603848,24.055754,
2078,2,1997,2,28.798908,8.6807165,
2079,2,1997,2,-17.081547,-27.869556,
2080,0,1997,0,-13.997665,50.423695,
2081,0,1997,2,18.737442,-43.137005,
2082,0,1997,8,40.501522,-36.29329,
2083,2,1997,6,14.866247,-47.80407,
2084,0,1997,3,-11.797502,-42.544697,
2086,0,1997,2,-39.616257,26.38646,
2087,0,1997,4,-0.44550857,18.546755,
2088,0,1997,3,-16.717974,-18.838793,
2089,0,1997,5,-32.629623,54.47854,
2090,0,1997,1,28.735489,7.700272,
2091,2,1997,23,23.267176,-25.603966,
2092,0,1997,7,-35.050808,62.618034,
2093,0,1997,14,-64.37745,-7.6579385,
2097,0,1997,1,-45.181328,33.356056,
2098,0,1997,1,-68.88804,28.850435,
2099,0,1997,5,-24.572502,11.100028,
2100,0,1997,8,-25.225891,34.064526,
2101,0,1997,7,-20.524931,30.999714,
2102,2,1997,1,11.820335,-33.91087,
2103,2,1997,0,-1.7760407,-26.92834,
2104,2,1997,2,1.3306376,-37.589844,
2105,2,1997,17,19.925625,1.233835,
2106,0,1997,1,-71.03149,27.869987,
2107,0,1997,11,-62.9103,6.50948,
2108,0,1997,6,12.070297,-43.298515,
2109,2,1997,14,17.13145,-14.854748,
2110,2,1997,2,19.340439,-18.914953,
2111,0,1997,5,-60.352856,34.080105,
2112,0,1997,1,-48.956005,-26.74259,
2114,0,1997,1,-28.676111,51.438797,
2115,0,1997,1,-59.6092,35.421646,
2116,0,1997,21,-58.042618,16.732176,
2117,0,1997,6,-69.42454,21.44628,
2118,0,1997,4,-15.853817,58.715797,
2119,0,1997,2,-67.46281,23.552555,
2120,0,1997,14,-18.266678,38.297398,
2122,0,1997,30,-31.22299,-35.21055,
2123,0,1997,4,-38.567184,47.757893,
2124,0,1997,6,-62.929466,0.8813591,
2125,2,1997,16,49.80982,-40.543995,
2126,0,1997,3,-30.826355,-12.659315,
2127,0,1997,1,-61.720078,-15.581695,
2128,0,1997,2,-25.064592,-7.1599827,
2129,0,1997,8,-38.9003,53.073177,
2131,0,1997,2,7.040906,13.174725,
2132,0,1997,1,12.423665,36.207485,
2133,0,1997,2,-14.731933,-7.3459563,
2134,0,1997,8,-19.983511,62.645878,
2135,0,1997,2,-63.111576,17.528347,
2137,0,1997,4,-17.713173,32.909386,
2138,2,1997,5,20.436796,-28.998203,
2139,0,1997,2,-9.541254,-53.419266,
2140,0,1997,2,17.189737,30.378487,
2141,2,1997,3,17.38837,-49.883232,
2142,0,1997,0,-2.6971908,-26.761934,
2143,0,1997,10,-13.870795,9.270235,
2144,0,1997,2,-40.486828,32.918007,
2147,0,1996,6,-18.581213,6.8410954,
2148,0,1996,18,34.545734,-55.48225,
2150,0,1996,0,-0.011186992,-14.00382,
2154,0,1996,3,-23.239992,34.487167,
2156,0,1996,1,-55.39322,-7.6176214,
2158,0,1996,5,-47.523968,-26.175169,
2159,0,1996,3,37.2696,-39.772594,
2160,0,1996,16,-16.864513,-49.521435,
2161,0,1996,1,-41.748325,-3.8891292,
2162,0,1996,5,-15.897664,29.894407,
2163,0,1996,1,-34.695007,26.949253,
2164,2,1996,4,1.9545914,-34.414925,
2165,0,1996,1,-27.18302,45.6589,
2167,0,1996,2,-51.583237,-24.378023,
2168,2,1996,4,13.117095,-48.365532,
2169,0,1996,3,-14.735252,53.342255,
2170,2,1996,6,-6.440216,25.645702,
2172,0,1996,11,-64.62679,21.202047,
2174,0,1996,6,-30.901007,-0.060826287,
2175,0,1996,2,-27.162573,-6.440326,
2176,0,1996,4,-17.832413,-16.02111,
2178,0,1996,3,8.323756,-22.428946,
2179,0,1996,7,-2.1541767,44.901337,
2180,0,1996,18,-29.949778,-34.124287,
2181,2,1996,0,2.0272224,-38.878235,
2182,0,1996,6,-28.335836,-13.241072,
2184,0,1996,7,-49.222393,-28.022787,
2186,0,1996,0,-8.877797,-10.345845,
2187,0,1996,20,-16.231833,49.13686,
2189,0,1996,2,-39.611794,57.079655,
2190,0,1996,19,-62.5249,-1.3862816,
2191,0,1996,6,5.3004384,53.990368,
2193,0,1996,6,-54.35169,23.471739,
2195,0,1996,11,-46.4129,13.886203,
2196,0,1996,11,21.989626,21.224878,
2197,0,1996,11,-63.756977,4.5440083,
2198,2,1996,11,20.507517,-12.15766,
2199,0,1996,7,-53.086666,-28.829407,
2200,0,1996,8,-59.177586,32.81416,
2201,0,1996,0,0.34992838,-13.870706,
2202,2,1996,0,21.159845,-29.636406,
2203,0,1996,1,-24.844023,-12.429176,
2205,0,1996,0,-8.245249,7.6111255,
2206,0,1996,1,-32.96084,-2.8292968,
2208,2,1996,8,41.3672,9.567831,
2210,2,1996,12,16.741573,-14.141888,
2211,0,1996,7,-59.617847,21.420177,
2212,0,1996,1,-25.587337,-18.244617,
2213,0,1996,11,1.5700058,-18.84293,
2214,0,1996,2,-62.022827,-16.875597,
2215,0,1996,3,-9.303916,-3.6675253,
2217,0,1996,1,-52.9727,22.912294,
2218,0,1996,2,8.752444,48.852074,
2219,0,1996,13,0.63051635,57.366333,
2220,0,1996,2,-18.268406,29.691788,
2222,0,1996,2,-39.83182,-9.434213,
2223,2,1996,12,33.99542,4.0775547,
2224,0,1996,3,17.9219,-22.146166,
2225,0,1996,1,-28.208069,36.040577,
2226,0,1996,1,-13.271604,4.165299,
2227,2,1996,2,43.72095,26.501926,
2228,2,1996,8,15.782961,-37.334522,
2230,2,1996,3,27.495726,-29.31532,
2231,0,1996,5,-61.64025,-13.824419,
2232,0,1996,11,-30.156042,37.918983,
2233,0,1996,4,-52.574562,34.99703,
2234,0,1995,3,-7.9916177,-9.619328,
2235,0,1995,5,-19.002428,5.175407,
2236,0,1995,0,18.77732,15.572876,
2237,0,1995,14,-7.5897202,-28.088253,
2239,0,1995,4,-0.5568236,-25.307096,
2240,0,1995,20,-10.445185,-27.053127,
2241,0,1995,6,-0.10123679,-12.575268,
2242,0,1995,2,-22.60211,0.13804844,
2243,0,1995,4,20.350574,22.116896,
2244,0,1995,1,-60.602757,17.227251,
2245,0,1995,3,-59.05625,13.813414,
2246,2,1995,4,15.15032,-37.445568,
2248,0,1995,1,-4.8044047,-9.423135,
2249,2,1995,1,50.88929,-32.967922,
2252,2,1995,0,-1.3360258,-26.94444,
2253,2,1995,12,24.571789,-24.88385,
2254,2,1995,5,19.618523,-43.161057,
2255,0,1995,6,-58.53597,-19.617548,
2256,0,1995,2,-3.5267823,16.134293,
2257,0,1995,5,-43.057755,35.536953,
2258,0,1995,16,-32.70998,58.85688,
2259,0,1995,12,-46.987133,20.910698,
2260,0,1995,1,-27.799263,48.155605,
2261,0,1995,9,-64.36494,23.656689,
2262,0,1995,0,-49.494976,-23.732395,
2263,0,1995,1,-27.394192,46.37821,
2264,0,1995,30,-1.7365927,-8.293275,
2265,0,1995,1,-41.672222,34.302044,
2266,0,1995,21,17.649633,17.046482,
2269,0,1995,2,-2.3295302,22.688316,
2271,0,1995,2,-21.9162,-9.495528,
2272,0,1995,8,-30.553837,38.55004,
2273,0,1995,2,-29.422626,7.3640933,
2274,2,1995,17,19.964178,14.659761,
2275,0,1995,1,35.030758,-56.695698,
2276,0,1995,5,-58.943523,-16.05615,
2277,0,1995,3,-34.4147,-4.9180355,
2278,0,1995,3,-50.305622,11.152478,
2280,0,1995,0,63.88775,0.7476729,
2282,0,1995,12,50.579655,8.798027,
2284,2,1995,2,2.0625856,-38.933014,
2285,2,1995,3,2.0352006,-28.99714,
2286,2,1995,10,23.635546,-27.502384,
2287,2,1995,3,21.421265,-11.958567,
2288,0,1995,2,-14.116573,26.570572,
2289,0,1995,3,-26.315762,-10.652157,
2290,0,1995,1,-7.4589763,3.8631327,
2291,0,1995,13,-59.577538,-3.969701,
2292,0,1995,1,-36.356514,26.061499,
2293,2,1995,13,18.722687,-7.5185146,
2294,2,1995,1,-7.1672935,3.4290206,
2295,0,1995,1,-16.57894,9.370315,
2296,0,1995,2,-47.96087,43.211887,
2297,0,1995,5,-13.248195,52.277966,
2298,0,1995,2,-61.955177,16.895134,
2299,2,1995,1,9.924641,-2.0652263,
2301,0,1995,4,10.183737,-22.465693,
2302,0,1995,1,-26.07384,45.64311,
2303,2,1995,46,17.4445,-56.324615,
2305,0,1995,1,-34.360306,16.81292,
2306,0,1995,2,-69.568436,32.73755,
2308,0,1994,1,-13.209869,4.1198874,
2309,0,1994,1,-57.287518,-15.991055,
2310,0,1994,12,-24.731253,-4.819113,
2311,0,1994,1,-2.4735148,21.962109,
2312,0,1994,2,23.889128,39.725754,
2313,0,1994,1,-36.90623,27.377235,
2314,0,1994,1,-52.894375,22.942535,
2316,0,1994,6,-64.73101,-4.2852454,
2317,0,1994,5,19.031487,22.965534,
2318,0,1994,9,-40.608578,31.63686,
2319,0,1994,24,-41.717976,8.957365,
2320,0,1994,4,-13.644763,29.000044,
2321,0,1994,4,-25.85565,47.823616,
2322,0,1994,1,-10.55347,10.181797,
2323,0,1994,14,-12.455839,10.415856,
2324,0,1994,19,-15.127121,44.403465,
2326,0,1994,3,-14.098549,28.055674,
2328,0,1994,1,23.565325,-31.408003,
2329,0,1994,8,-46.696663,40.181255,
2330,0,1994,5,-30.060772,-6.616555,
2331,0,1994,1,-38.03807,0.36452156,
2332,0,1994,1,-15.682546,28.387413,
2333,0,1994,2,9.036858,52.0695,
2334,0,1994,1,2.2176526,-34.13635,
2335,0,1994,5,-16.423306,46.175194,
2336,0,1994,2,-16.057596,53.647182,
2337,0,1994,15,-31.537762,49.892487,
2338,0,1994,13,-26.85082,54.913303,
2339,0,1994,8,-69.81031,13.771864,
2340,0,1994,0,-29.379658,7.6127386,
2341,0,1994,0,-75.062965,2.978217,
2342,0,1994,6,-42.444424,15.553262,
2343,0,1994,1,-55.606937,-5.333101,
2344,0,1994,1,-22.342834,15.406413,
2345,0,1994,1,-9.938477,-26.118263,
2346,0,1994,5,0.93521005,-28.476871,
2347,0,1994,2,-0.86727744,-18.02321,
2348,0,1994,43,84.98745,-9.433955,
2352,0,1994,0,-15.116889,-12.202587,
2353,0,1994,1,-32.664047,33.702316,
2354,0,1994,0,-12.3921585,-0.3248432,
2355,0,1994,2,-9.0543,8.428452,
2356,0,1994,0,-25.787111,-12.495113,
2359,0,1994,2,-19.021475,-9.345193,
2367,0,1993,6,-44.343124,34.768208,
2368,0,1993,15,-4.109374,69.35915,
2369,0,1993,1,-2.3781674,6.715474,
2370,0,1993,5,-52.044834,12.179403,
2371,0,1993,23,-79.40042,13.013131,
2372,0,1993,7,-68.93599,14.750571,
2373,0,1993,4,-41.004757,8.687367,
2374,0,1993,14,-31.499332,-6.7760262,
2375,0,1993,6,-24.17774,-13.089527,
2376,0,1993,3,-27.94153,-8.2518635,
2378,0,1993,0,-11.002898,-15.808706,
2379,0,1993,8,-4.3462634,-10.784525,
2380,0,1993,0,-7.4355907,-32.271893,
2381,0,1993,11,4.6414394,-17.112034,
2382,0,1993,4,-15.675235,-27.138058,
2384,0,1993,1,-23.719845,-5.6971693,
2385,0,1993,9,65.85324,1.0199754,
2386,0,1993,2,25.95391,-18.617256,
2389,0,1993,3,24.351164,40.649685,
2390,0,1993,3,-53.34016,19.803432,
2391,0,1993,10,-14.003159,30.3715,
2392,0,1993,11,16.432058,-33.832,
2394,0,1993,2,-13.297726,-46.792965,
2395,0,1993,0,-75.16831,2.8455195,
2396,0,1993,8,-3.600096,-29.060923,
2397,0,1993,19,-26.517174,50.86789,
2398,0,1993,2,-47.829636,42.176537,
2399,0,1993,35,-15.738938,-23.523525,
2400,0,1993,3,-3.8148236,15.812925,
2401,0,1993,2,-12.495649,-23.823156,
2402,0,1993,4,-18.712778,-24.19973,
2404,0,1993,2,-8.641942,28.81488,
2405,0,1993,4,11.362442,-24.288631,
2406,0,1993,0,-6.6433067,4.5528216,
2410,0,1993,1,-26.164297,45.647087,
2411,0,1993,3,-7.233905,-8.51204,
2412,0,1993,0,-9.047469,-7.8903913,
2415,0,1993,1,-19.804283,-10.976468,
2417,0,1993,2,-31.853811,34.210632,
2418,0,1993,0,-13.454403,-1.8381358,
2421,0,1993,1,-12.71942,-0.6376116,
2422,0,1992,4,-27.825361,50.77336,
2423,0,1992,10,23.315262,24.103569,
2424,0,1992,4,-16.99071,-12.592037,
2425,0,1992,2,-43.650265,-10.149651,
2426,0,1992,19,-14.518555,-13.674395,
2429,0,1992,2,-58.641346,-19.708889,
2430,0,1992,1,-11.400193,-14.894611,
2431,0,1992,2,-44.18044,44.695274,
2432,0,1992,5,-46.94263,9.431816,
2433,0,1992,32,-74.16065,6.497189,
2435,0,1992,5,-6.8651342,-32.186184,
2436,0,1992,1,-50.95076,12.173139,
2437,0,1992,9,-12.905466,25.373507,
2438,0,1992,1,-15.915618,44.923042,
2440,0,1992,6,49.52495,-35.05772,
2442,0,1992,7,-24.797651,-14.000373,
2443,0,1992,0,-36.622902,1.3270917,
2444,0,1992,2,-69.78079,33.209293,
2446,0,1992,5,-42.543945,15.081325,
2447,0,1992,0,-12.047218,-8.597548,
2449,0,1992,1,-59.017006,13.563582,
2451,0,1992,6,-24.366196,52.49438,
2452,0,1992,0,-33.508194,-5.9778714,
2453,0,1992,5,-9.442074,-11.660901,
2454,0,1992,1,-6.9834704,-7.3478813,
2456,0,1992,0,-12.722791,-8.761359,
2457,0,1992,2,-11.898082,-21.585772,
2458,0,1992,10,-22.041864,-5.0216603,
2459,0,1992,7,-40.14957,49.144344,
2460,0,1992,2,-15.818563,-2.84027,
2461,0,1992,6,1.8019657,-16.301392,
2463,0,1992,2,17.64556,-42.019638,
2467,0,1992,7,-32.705223,10.746927,
2469,0,1992,0,-3.7821574,4.3442745,
2470,0,1992,15,-5.986438,43.594692,
2471,0,1992,1,-16.02752,-3.9247708,
2472,0,1992,0,-8.036113,-32.351627,
2474,0,1992,2,11.247179,-32.331764,
2475,0,1992,1,-12.273863,-0.78350866,
2477,0,1992,2,64.64248,-16.87982,
2478,0,1992,7,-79.366615,13.0243635,
2479,0,1992,0,-12.206841,-8.105012,
2480,0,1992,1,3.9690225,25.48988,
2481,0,1991,11,-12.724192,-28.681005,
2483,0,1991,1,-48.20027,-15.124166,
2484,0,1991,30,-28.154644,65.84405,
2485,0,1991,3,-44.580082,34.883575,
2486,0,1991,1,-5.5849614,3.3824656,
2487,0,1991,2,-17.852947,-12.250678,
2489,0,1991,6,-9.292158,-53.086876,
2492,0,1991,1,-11.4025955,-14.93403,
2493,0,1991,3,5.137578,-43.47007,
2498,0,1991,3,-36.454247,1.4174759,
2499,0,1991,1,-0.5216325,-15.981592,
2500,0,1991,1,49.570267,-34.951065,
2503,0,1991,4,-13.670693,-7.890159,
2505,0,1991,2,-9.338596,-7.9301357,
2506,0,1991,4,18.20212,16.32376,
2507,0,1991,15,9.9657,-28.050585,
2508,0,1991,3,-12.9344845,-24.756372,
2511,0,1991,3,-12.053275,-9.904263,
2512,0,1991,4,-15.356908,4.839792,
2516,0,1991,2,32.644394,30.116047,
2517,0,1991,11,-60.30688,-3.9665878,
2518,0,1991,25,-35.05342,29.224562,
2520,0,1991,1,27.314425,-17.995848,
2521,0,1991,19,-2.9589574,-13.557564,
2522,0,1991,18,-12.729637,-2.5738547,
2525,0,1991,60,26.855658,-54.22428,
2527,0,1991,1,-4.1528645,3.956354,
2528,0,1991,4,16.930332,-20.577854,
2529,0,1991,3,-73.68528,6.088251,
2530,0,1991,1,-54.331825,2.4720712,
2531,0,1991,1,-8.302764,7.637054,
2532,0,1991,3,-44.45934,44.701935,
2535,0,1991,4,-12.326484,30.55185,
2536,0,1991,2,-46.433887,41.306553,
2540,0,1990,1,71.097084,-39.0471,
2542,0,1990,21,5.23036,-35.02955,
2543,0,1990,3,-13.1856985,-10.357973,
2544,0,1990,2,-0.9804481,-13.854294,
2545,0,1990,2,-10.117116,-9.700429,
2546,0,1990,2,-54.698635,2.6820703,
2547,0,1990,1,22.703007,24.059494,
2549,0,1990,5,-35.197258,-5.4792876,
2550,0,1990,3,-52.71563,-28.647476,
2552,0,1990,1,-13.185729,-46.78304,
2553,0,1990,2,-14.511948,-12.36071,
2555,0,1990,1,17.289541,-33.417755,
2556,0,1990,27,24.24105,-19.211636,
2558,0,1990,16,-6.3969502,14.4858,
2559,0,1990,1,-59.974007,13.745689,
2560,0,1990,1,-22.374529,26.368841,
2565,0,1990,10,-7.4186206,-26.130104,
2566,0,1990,66,44.48362,-39.189003,
2568,0,1990,1,-60.977173,-3.9392438,
2570,0,1990,1,23.764557,40.21887,
2572,0,1990,11,4.9040613,-25.511799,
2573,0,1990,2,-46.967552,9.372622,
2575,0,1990,13,-26.205574,-19.550894,
2576,0,1990,3,-10.051947,11.682828,
2578,0,1990,1,-12.465101,30.381487,
2579,0,1990,14,-13.927566,21.283588,
2580,0,1990,6,17.17382,29.189276,
2585,0,1990,2,-9.674174,10.646576,
2586,0,1990,1,-19.615881,-9.626447,
2587,0,1990,3,26.811834,-18.844307,
2589,0,1990,1,-22.891037,-5.488565,
2590,0,1990,5,-47.39361,-22.817978,
2591,0,1990,1,-17.130177,0.2424951,
